,Prosser_1383_Control.txt,Prosser_1195_Disease.txt,Prosser_1427_Disease.txt,Prosser_1136_Disease.txt,Prosser_1325_Control.txt,Prosser_1467_Disease.txt,Prosser_1119_Disease.txt,Prosser_1085_Control.txt,Prosser_1198_Disease.txt,Prosser_1228_Disease.txt,Prosser_1288_Disease.txt,Prosser_1146_Disease.txt,Prosser_1425_Disease.txt,Prosser_1200_Control.txt,Prosser_1605_Disease.txt,Prosser_1273_Control.txt,Prosser_1311_Disease.txt,Prosser_1510_Disease.txt,Prosser_1375_Disease.txt,Prosser_1205_Disease.txt,Prosser_1366_Disease.txt,Prosser_1290_Disease.txt,Prosser_1462_Disease.txt,Prosser_1535_Disease.txt,Prosser_1339_Control.txt,Prosser_1004_Disease.txt,Prosser_1602_Disease.txt,Prosser_1356_Control.txt,Prosser_1320_Disease.txt,Prosser_1209_Disease.txt,Prosser_1379_Disease.txt,Prosser_1304_Disease.txt,Prosser_1472_Disease.txt,Prosser_1086_Disease.txt
P05413,45,44,50,53,56,51,61,66,51,50,59,60,48,46,55,56,52,59,53,49,71,59,47,61,55,51,59,58,42,49,55,45,50,52
P56385,23,10,16,13,13,7,14,18,9,16,10,9,12,12,11,21,19,17,15,10,27,11,12,15,12,24,18,26,,16,14,11,17,17
P09493,28,35,28,31,32,31,35,32,23,19,35,33,32,40,26,39,34,32,29,37,47,24,22,27,34,35,23,35,26,27,30,28,19,31
P07951,21,24,16,27,24,22,28,22,15,16,26,25,22,28,18,26,19,19,17,23,34,19,18,18,24,33,17,25,21,19,20,20,14,22
P68871,32,52,41,14,17,35,27,15,78,33,29,13,26,11,26,21,41,28,61,17,9,45,39,32,9,50,38,27,89,40,29,31,47,33
P63316,11,8,9,9,9,6,8,10,8,4,9,9,8,10,5,10,9,7,9,4,10,7,8,5,9,6,6,9,9,10,10,6,6,9
O75964,7,6,10,9,11,13,9,9,7,9,9,11,13,9,9,10,12,14,10,8,7,10,8,9,10,8,8,8,7,11,9,11,13,7
O14737,3,3,4,5,3,4,5,3,4,5,4,5,4,5,2,4,3,5,2,4,5,3,4,3,,,4,3,,6,4,5,4,4
Q96Q06,24,12,13,11,18,19,14,19,11,14,16,22,14,18,14,16,16,17,12,13,10,17,19,16,23,33,21,21,14,26,20,18,21,13
P14927,8,4,5,6,5,8,4,5,4,7,7,4,6,6,4,7,5,7,5,4,3,6,5,5,6,4,6,4,4,5,8,5,6,6
P09972,21,11,12,21,12,9,14,13,13,9,10,14,10,18,13,21,14,8,13,19,16,9,20,12,10,13,9,20,6,13,8,9,9,12
P04080,7,11,8,11,5,4,9,3,8,6,7,11,6,11,4,11,10,5,8,8,9,6,11,5,7,10,4,9,5,12,7,5,5,10
P62258,14,22,16,17,16,22,18,13,17,17,20,20,23,14,12,20,22,24,17,20,21,20,17,19,17,16,22,23,14,17,24,19,21,17
O75947,12,12,12,16,7,12,13,11,10,9,10,12,8,11,8,13,16,8,10,12,12,11,13,8,9,10,7,11,5,11,13,11,8,8
P07108,8,7,9,10,4,6,7,6,5,5,,11,4,4,,10,8,4,8,8,7,3,3,4,4,8,4,7,4,5,2,4,3,5
P60174,18,22,18,23,15,14,21,15,19,19,13,20,11,25,12,22,19,17,29,22,19,18,16,12,21,17,13,19,16,18,16,16,15,19
P07737,5,5,5,6,,5,6,7,3,7,5,7,,6,4,5,5,6,7,8,7,7,5,,8,5,6,8,4,7,5,7,,5
P36542,18,15,21,14,21,17,18,20,13,22,18,23,21,19,16,23,19,22,20,16,33,19,13,21,22,15,21,21,11,17,22,21,22,18
P10599,3,3,3,,3,4,,3,2,2,3,,3,3,2,3,4,4,,,4,4,4,5,2,4,6,5,3,5,5,3,3,3
P35232,14,9,10,10,8,9,10,11,8,11,8,13,7,5,7,12,12,10,10,10,11,10,8,8,8,6,10,10,8,9,12,11,8,10
P19367,30,39,33,36,16,32,34,21,24,34,24,34,20,33,21,22,43,29,40,34,35,32,26,29,26,25,25,27,16,39,27,31,32,24
P10916,8,12,16,12,7,6,6,7,6,5,8,10,7,13,6,12,16,7,17,12,13,9,6,6,5,4,7,10,12,9,10,6,7,11
P38117,13,8,9,9,5,5,11,7,10,7,10,11,5,12,7,10,10,7,9,11,9,8,12,7,8,4,7,10,5,13,4,7,7,8
Q9UI09,4,6,11,9,7,5,8,6,5,7,4,10,5,7,5,10,7,4,8,4,9,5,5,5,8,6,5,7,4,,5,5,6,9
P09669,4,3,4,2,3,3,3,4,3,4,4,5,4,2,2,5,3,4,4,,5,5,3,2,3,,3,,6,3,4,3,5,4
Q9P0J0,6,2,3,,6,,,7,2,6,2,3,3,,4,5,5,5,2,,3,5,3,,3,4,3,5,3,3,,,4,5
P06753,11,11,11,19,16,17,14,12,8,11,16,14,13,13,15,15,14,19,11,16,21,13,9,14,16,21,12,17,14,10,15,16,9,11
Q9UBY9,7,10,9,9,7,12,8,11,8,9,13,12,7,9,11,11,6,12,11,13,19,6,8,12,22,11,10,9,,11,8,9,8,10
Q9NZ45,8,5,7,6,4,5,5,5,4,5,4,6,4,5,,5,5,6,5,5,5,4,6,5,4,4,6,4,3,7,4,4,4,6
P24539,12,15,13,12,15,13,13,17,15,18,17,18,13,15,20,17,20,23,20,17,32,19,12,22,17,11,18,24,15,16,16,18,17,15
P49748,30,26,38,38,33,29,39,33,33,32,30,40,26,36,36,44,29,24,26,38,41,30,26,34,34,29,31,29,24,29,23,26,27,34
P25705,43,35,34,36,39,43,40,46,36,38,36,40,33,45,33,47,57,48,55,39,75,48,34,39,46,43,47,45,23,43,41,34,43,44
Q02978,13,12,12,12,10,12,15,12,14,14,11,17,10,10,5,15,16,13,16,16,19,15,13,10,11,12,14,20,10,19,12,11,13,15
P12235,49,28,27,32,37,47,32,58,27,50,37,40,45,27,42,34,31,54,36,39,62,58,44,37,50,26,63,49,26,58,42,42,49,30
Q9Y5Z4,6,7,7,7,6,5,5,3,5,3,5,5,4,5,4,5,6,4,6,7,7,4,6,5,4,7,4,5,5,4,4,4,5,8
P61981,12,10,11,9,7,7,8,7,9,7,7,9,6,7,3,7,8,7,13,10,10,8,7,4,8,9,7,11,8,12,5,6,7,9
P02763,10,10,7,11,9,16,11,12,8,10,8,11,9,11,6,10,14,7,13,11,14,5,11,6,15,18,6,12,11,10,11,8,7,11
Q01995,5,9,14,17,7,14,7,11,10,9,11,10,10,10,4,7,13,12,10,10,5,18,9,10,11,23,12,21,17,7,14,13,14,10
P04075,24,18,22,31,24,21,23,23,18,17,21,25,21,31,18,36,23,19,21,26,24,20,15,23,26,25,21,22,13,23,21,17,14,21
P62826,5,8,2,3,4,4,7,3,9,3,3,3,5,4,4,3,15,7,5,5,4,4,4,5,6,3,5,5,6,4,5,5,5,6
O75347,2,2,3,6,2,,5,2,5,,2,6,,3,,6,5,2,3,3,2,2,3,2,3,5,2,3,2,3,,3,,4
Q06830,5,6,7,9,7,4,8,3,6,8,3,6,5,5,,7,5,6,6,9,8,10,6,5,7,11,7,8,8,5,9,6,8,5
Q9UM22,6,,,2,2,,2,5,,6,5,2,,2,2,2,3,,,,,,5,,5,,,,,4,,3,,2
Q9NPJ3,5,5,4,5,,2,6,2,5,3,3,4,2,5,2,4,6,3,6,5,4,3,4,2,3,4,2,4,2,5,3,3,3,4
P15259,14,10,8,10,9,9,13,14,10,9,8,10,7,10,5,14,12,6,8,10,16,7,12,9,12,12,7,11,6,9,11,5,10,11
P48047,6,6,6,6,5,6,4,6,,4,9,9,5,8,3,5,7,8,5,9,8,6,5,6,7,5,4,12,4,7,9,5,6,5
P18669,14,11,11,12,10,15,15,12,10,11,11,11,9,12,6,15,11,7,10,11,14,8,13,11,17,14,9,11,8,9,13,9,10,12
Q15843,5,5,5,5,4,2,4,6,4,8,10,5,3,3,,3,5,2,3,5,6,5,4,,9,6,5,7,3,6,4,6,3,5
P40926,29,25,23,32,24,24,33,29,36,21,25,31,19,34,19,34,25,23,30,33,42,18,25,22,21,34,22,40,16,26,22,21,22,30
P62070,4,3,2,5,3,6,4,2,5,5,5,3,4,5,4,4,4,6,3,6,5,5,,3,7,3,4,6,3,5,5,5,5,3
P84085,3,4,,5,,4,6,,4,3,6,,,6,3,,5,3,,6,,4,3,2,,,4,,,3,4,4,,5
P02768,58,98,66,58,66,104,55,48,89,80,77,62,66,53,53,55,107,83,75,68,56,98,105,65,77,141,83,116,142,112,83,91,94,71
P37802,5,7,3,5,3,4,3,5,4,4,7,4,2,5,5,5,5,3,4,4,4,2,3,4,6,6,4,3,6,4,4,5,5,4
P02511,16,19,11,14,15,15,16,18,14,13,20,21,13,16,9,22,23,15,17,20,29,13,20,11,23,22,12,20,6,20,11,12,16,16
P12429,7,4,,3,5,4,5,5,2,5,4,8,5,3,4,9,,4,4,6,,7,,7,6,,5,9,4,2,5,3,5,5
O43399,3,3,3,3,3,2,5,5,3,,2,4,4,5,,5,3,2,3,3,4,2,,2,3,4,2,4,2,4,2,2,,3
P00568,9,9,7,9,9,7,9,7,8,8,6,6,7,7,8,10,9,8,11,6,8,7,9,9,10,8,9,9,7,9,8,8,8,9
P00441,3,,,3,,2,,,3,,,,,,,3,,,,,2,,3,,3,4,,4,,4,,3,,3
Q99623,7,13,16,10,9,8,9,9,8,13,10,17,10,4,11,13,11,12,14,11,17,12,5,14,10,13,12,13,8,12,13,11,12,11
P04792,15,15,12,14,14,18,13,13,16,10,12,15,15,11,16,16,18,15,18,15,17,13,14,12,18,15,14,11,15,16,12,15,10,15
P17174,14,15,12,21,17,13,15,18,16,13,13,21,13,22,10,19,14,16,15,19,18,14,12,13,21,13,16,17,10,12,12,15,14,13
P02647,14,25,22,17,11,23,10,14,18,19,19,11,14,12,18,9,23,17,22,12,12,25,21,18,14,24,16,19,27,22,17,17,19,18
Q9H7C9,2,,,,,,3,2,2,,,2,,,,,2,,,,,,,,,,,,,2,,,,
P11142,21,21,25,27,25,17,26,20,23,25,21,25,20,31,14,25,21,23,21,26,26,18,16,19,23,18,14,25,17,22,17,16,19,18
Q14894,6,10,9,15,11,8,11,10,11,10,13,12,6,9,10,13,9,9,9,14,14,14,9,8,8,7,8,12,8,9,11,8,12,9
P51452,5,5,3,5,5,5,,5,3,3,4,3,6,4,3,3,2,3,3,4,6,3,3,3,4,4,4,4,4,3,4,3,3,
P05141,11,12,12,14,9,13,13,14,11,14,12,13,13,12,17,,18,13,13,13,11,18,11,13,14,8,15,10,8,21,15,13,12,12
Q92506,3,3,,5,4,4,2,2,3,2,4,4,2,4,3,4,2,5,3,5,6,2,3,4,7,5,5,4,3,3,4,3,4,5
P10644,14,11,14,14,8,6,15,6,10,6,3,12,6,11,9,11,11,7,12,14,11,4,9,8,7,9,8,10,4,14,7,7,4,12
P61204,3,4,6,5,4,,,,4,3,,6,,6,3,3,,3,3,6,7,,,,5,3,,8,3,,4,4,4,5
P84077,3,4,6,5,4,,,,4,3,,6,,6,3,3,,3,3,6,7,,,,5,3,,8,3,,4,4,4,5
P15090,3,2,2,2,,,2,,2,,,4,,2,3,2,,,2,,2,3,,3,,2,,4,2,,,,,2
Q06323,6,5,5,5,5,2,7,2,7,4,4,7,3,7,3,7,5,4,5,6,6,4,2,3,6,4,4,8,4,3,4,3,3,7
P19429,13,18,16,22,17,24,17,17,14,15,18,18,21,22,16,22,19,21,16,18,35,20,8,15,20,13,17,24,14,13,22,17,14,17
Q86U28,2,4,3,,,,,2,,,,,,,,,,,,,,,,,,,,,,,,,,
P0DP23,2,,5,2,4,2,2,3,,4,6,2,,3,,2,4,2,3,,,2,,4,2,2,2,3,,3,,4,,2
P0DP25,2,,5,2,4,2,2,3,,4,6,2,,3,,2,4,2,3,,,2,,4,2,2,2,3,,3,,4,,2
P0DP24,2,,5,2,4,2,2,3,,4,6,2,,3,,2,4,2,3,,,2,,4,2,2,2,3,,3,,4,,2
P40925,24,20,18,20,32,17,26,26,20,21,26,24,18,30,22,28,20,27,27,24,21,26,22,23,31,18,23,19,18,24,27,24,21,25
Q16836,7,8,8,10,9,9,8,7,8,8,9,8,7,10,8,8,9,6,7,9,8,8,5,7,9,9,7,10,9,6,8,8,10,10
P62937,5,7,5,8,4,6,6,5,10,6,3,8,,6,,6,4,6,8,7,5,6,4,4,4,7,,6,,7,6,4,,6
P00505,22,24,21,33,17,31,27,27,25,24,23,31,15,32,18,31,26,26,24,35,30,22,22,20,27,24,26,27,12,32,21,26,17,29
P07355,7,8,10,9,8,8,6,8,4,6,8,7,9,7,8,9,14,8,8,5,10,10,3,6,9,14,9,10,12,9,8,9,8,8
P07195,22,15,16,13,14,17,14,14,17,16,15,17,11,17,11,13,13,15,14,18,19,16,17,14,16,14,9,20,12,21,11,14,14,16
P35609,17,26,20,23,20,20,15,19,17,31,22,15,27,16,17,21,15,28,20,19,19,23,18,15,16,28,30,15,29,13,35,27,8,22
P30084,11,14,11,10,8,9,17,11,12,6,7,11,8,15,8,15,13,8,13,16,12,8,16,9,7,8,5,17,9,19,8,6,7,15
P08133,13,18,19,15,9,8,8,14,12,13,9,18,13,13,6,16,14,12,25,5,25,18,4,9,13,20,10,16,10,12,11,12,7,14
P06576,69,50,59,54,70,59,64,78,53,62,60,55,61,57,50,79,54,77,66,52,98,61,55,69,69,68,75,83,42,65,73,59,66,65
P38646,22,21,18,19,19,22,19,25,19,26,20,26,16,20,22,25,15,23,18,24,18,18,26,24,26,15,17,25,18,23,25,18,21,21
P49411,13,14,12,14,9,8,14,10,9,10,8,11,8,17,8,16,12,9,10,14,13,8,11,12,10,13,8,16,7,13,7,12,5,11
P27144,4,,5,,2,3,2,4,4,2,3,4,3,,4,3,3,6,5,,4,3,4,2,2,3,2,4,4,4,3,2,3,2
P11216,22,30,27,24,16,17,30,13,22,13,13,31,19,27,12,15,24,17,22,33,28,18,20,14,18,17,13,23,14,22,16,18,18,20
P32119,9,10,11,9,8,10,9,9,9,10,9,10,7,7,8,11,9,9,9,10,10,8,10,7,9,8,10,7,9,8,8,7,8,8
Q01469,3,,2,,3,4,,2,,2,,5,,5,,3,,,4,2,4,,4,,4,5,3,5,,5,2,2,,
O43169,4,3,2,3,,,,2,2,,,4,,,,3,2,3,5,3,3,,3,2,,,2,,,3,,,2,3
P12883,52,55,45,51,128,104,62,83,37,57,149,47,76,82,59,63,30,64,45,73,57,56,47,84,96,36,72,45,85,67,32,82,58,41
P11310,18,20,16,17,13,14,15,9,16,13,12,20,10,16,9,20,16,14,17,16,20,11,16,13,10,18,17,15,10,17,12,13,13,17
O75746,13,10,10,9,14,6,10,17,7,12,9,10,13,9,8,13,8,15,11,9,14,14,7,9,10,9,15,14,7,7,15,9,14,10
P30049,15,9,12,15,,,13,,6,,,11,,13,,20,11,,23,13,24,,13,,,14,,17,6,14,,,,13
Q5HYK3,7,4,5,6,6,7,4,7,,8,4,,6,8,5,3,5,5,3,4,3,8,7,6,6,4,6,4,4,5,6,5,4,7
Q16698,15,14,12,14,12,12,11,11,13,11,10,11,8,15,8,13,13,11,14,10,8,12,13,14,11,7,12,13,10,13,9,11,10,10
P08758,8,9,9,9,6,4,12,6,8,9,8,13,10,13,5,14,11,8,10,12,15,6,5,7,12,13,7,15,5,7,10,9,10,9
A0A0B4J2D5,7,5,7,9,6,3,6,4,5,5,4,7,2,7,4,7,7,4,5,5,9,5,6,5,4,7,4,9,5,5,4,4,2,6
P09382,3,3,,,,,2,,,,,,,3,,2,,2,,3,3,,,,,,,4,,,2,,,2
P29692,5,8,8,9,4,6,7,4,6,4,6,7,5,8,3,7,6,4,7,6,6,4,3,7,6,5,6,5,4,6,5,4,6,7
O95168,2,,,,,,,,,,,,,,,,,,,,,,,,,,,,,,,,,
P08237,33,21,17,27,29,25,29,24,12,25,23,33,24,33,28,33,25,29,29,29,26,23,25,28,34,9,23,21,18,26,22,25,17,24
P00367,8,9,13,15,10,10,15,14,10,13,14,14,14,13,13,13,16,15,12,15,12,13,12,14,13,9,14,10,14,13,16,14,15,10
P10809,23,22,16,22,24,21,19,28,24,26,26,23,15,20,17,32,20,30,25,24,29,23,17,21,25,24,16,27,15,24,27,23,20,23
P50990,6,3,2,7,8,5,6,5,5,6,7,8,5,6,6,6,4,8,,5,4,5,4,5,13,3,5,5,6,9,6,7,5,9
P08559,9,5,8,11,4,5,7,5,4,6,6,9,4,6,5,11,9,5,9,9,14,6,13,6,8,7,5,7,5,10,4,7,4,10
P08590,7,5,7,7,4,4,2,5,4,3,7,5,2,7,4,5,4,2,10,6,9,3,5,4,3,3,2,5,3,8,5,4,3,4
Q07020,2,,,,,2,,3,,2,,,3,,2,,,3,2,2,,3,,3,3,,,,3,,2,,3,
Q99497,4,3,,4,,2,5,3,4,2,4,4,,3,,4,5,,4,3,2,3,4,,3,4,,2,2,4,,2,2,3
P09622,15,16,18,18,11,11,15,12,18,15,13,19,10,17,13,18,18,15,17,18,15,14,14,18,13,12,16,17,12,17,21,13,12,16
O43181,2,4,8,4,9,6,5,10,3,8,5,6,7,6,7,5,5,7,6,3,4,6,5,7,3,3,7,3,6,5,5,3,8,6
P31040,27,21,28,27,22,20,25,27,27,25,21,28,19,19,21,25,22,26,23,26,29,22,30,22,23,18,24,28,16,26,20,24,21,29
P61224,3,3,,3,,3,3,3,3,,6,4,,3,,2,2,,3,4,3,4,2,3,,3,2,3,3,3,4,4,4,2
P62834,3,3,,3,,3,3,3,3,,6,4,,3,,2,2,,3,4,3,4,2,3,,3,2,3,3,3,4,4,4,2
P17540,24,18,15,26,32,22,26,28,20,20,20,26,20,30,17,26,20,23,22,23,21,15,21,20,26,14,25,22,12,22,26,16,24,18
P62873,7,6,5,7,2,2,5,2,7,3,2,5,,6,3,4,8,,5,3,4,4,8,3,3,6,,5,,7,2,5,,5
P62879,7,6,5,7,2,2,5,2,7,3,2,5,,6,3,4,8,,5,3,4,4,8,3,3,6,,5,,7,2,5,,5
P21266,6,7,3,8,5,2,6,4,4,4,4,5,2,5,4,3,5,5,4,6,7,4,2,3,3,4,7,4,4,5,2,5,4,4
P40939,26,17,22,23,40,33,24,29,24,25,33,26,32,22,28,31,19,23,14,23,34,26,22,33,21,23,38,27,14,21,23,33,26,20
P42765,14,11,11,4,14,5,10,12,9,8,9,12,6,7,8,19,9,11,10,9,19,9,6,7,9,9,8,12,4,10,8,8,7,9
P61019,3,4,4,3,2,4,3,3,2,6,4,7,5,4,3,5,5,4,2,5,3,2,4,7,4,,4,4,3,3,8,4,4,4
P63241,5,6,8,8,3,5,5,5,8,5,3,7,4,7,2,7,8,5,7,4,7,5,4,3,7,3,4,4,4,6,6,4,5,5
Q9GZV4,5,6,8,8,3,5,5,5,8,5,3,7,4,7,2,7,8,5,7,4,7,5,4,3,7,3,4,4,4,6,6,4,5,5
Q13011,8,6,6,8,10,8,8,7,4,7,5,11,5,6,7,11,5,6,8,8,12,4,6,5,7,8,6,9,4,7,7,7,6,4
Q96DG6,5,4,3,4,3,6,,3,4,6,4,3,2,4,3,6,3,4,3,5,4,6,5,3,4,3,4,2,3,7,5,4,3,4
P63104,5,6,5,7,6,6,6,5,6,7,5,,7,,2,5,5,6,7,5,9,9,5,2,9,7,6,7,5,10,4,6,8,5
P51659,11,8,12,8,7,6,10,8,9,6,6,17,11,15,9,16,11,7,10,10,10,6,8,11,12,10,7,9,7,10,9,6,5,9
P08238,21,19,16,17,28,30,21,31,21,33,30,23,27,26,24,24,26,31,22,23,23,28,18,26,32,19,28,25,22,24,30,27,31,16
Q6YN16,7,7,7,8,8,8,9,6,5,,4,10,4,11,6,12,4,,7,8,10,6,6,4,7,5,5,12,2,6,,5,7,12
P36871,11,14,12,16,17,8,18,11,10,15,13,14,12,23,11,14,13,15,14,17,20,14,9,14,17,9,10,13,10,10,13,11,11,10
P48735,21,18,16,23,21,15,23,22,16,23,18,24,13,21,17,18,17,18,16,19,23,20,16,15,17,13,14,22,15,21,18,13,17,15
Q86TD4,6,,6,4,7,3,6,13,6,6,10,9,9,11,9,6,5,7,5,11,12,8,6,6,12,5,9,9,,6,8,4,7,5
P68363,22,23,17,21,18,20,20,21,19,28,26,16,20,18,10,17,23,18,23,24,28,25,23,16,20,22,17,25,22,24,21,24,18,16
Q71U36,15,19,14,17,17,20,16,17,12,25,26,12,17,14,9,11,18,13,16,18,18,17,20,12,17,20,15,20,23,20,17,22,14,12
P00558,10,8,8,10,4,5,9,5,7,10,6,12,3,11,6,9,11,8,9,11,11,6,8,3,12,5,4,8,8,10,10,5,4,8
P25788,4,6,5,6,2,3,7,,7,5,6,4,3,5,4,6,7,4,6,5,11,9,5,3,2,9,3,9,3,6,2,5,2,4
P31946,5,6,7,6,4,5,6,4,6,6,6,8,5,4,2,5,6,7,8,5,8,5,5,3,6,4,5,6,6,7,4,5,5,5
P62987,4,5,3,3,,,3,3,3,4,,3,,3,,3,6,,4,3,4,,4,,,,,3,3,5,,,2,2
P62979,4,5,3,3,,,3,3,3,4,,3,,3,,3,6,,4,3,4,,4,,,,,3,3,5,,,2,2
P0CG48,4,5,3,3,,,3,3,3,4,,3,,3,,3,6,,4,3,4,,4,,,,,3,3,5,,,2,2
P0CG47,4,5,3,3,,,3,3,3,4,,3,,3,,3,6,,4,3,4,,4,,,,,3,3,5,,,2,2
P14618,12,11,9,13,11,13,12,9,11,10,11,15,10,10,8,15,8,12,12,12,15,10,8,10,12,12,10,7,9,10,10,8,11,9
P30085,3,3,3,3,3,3,3,3,2,3,3,2,2,4,3,3,5,3,4,4,2,3,3,2,3,2,3,3,,5,4,3,2,4
P18085,2,4,,,3,,,3,3,,2,3,,,,2,3,,,3,2,2,2,,2,2,,4,3,2,,,,2
P39019,2,2,4,2,2,2,2,3,2,2,,,,2,,2,3,,5,2,2,2,2,2,,2,2,2,3,2,2,2,,
P55084,13,11,10,9,10,10,12,9,11,10,11,11,8,10,13,15,12,8,13,9,14,8,12,11,8,12,15,16,9,11,8,12,10,11
P45880,9,7,6,4,7,9,4,8,4,9,8,5,7,4,5,8,9,10,11,4,9,10,6,7,9,5,9,6,6,7,10,4,10,7
P50914,3,,,,,,,,,,,,,,,3,,,,,,,,,,,,,,,,,,
P11217,17,15,17,14,11,7,17,10,14,5,11,21,11,24,5,17,17,13,14,21,23,16,11,9,15,10,10,15,7,17,11,14,11,13
P27797,9,5,9,7,3,3,7,6,5,7,7,4,7,7,4,7,8,6,9,5,10,4,6,5,11,5,6,10,7,5,7,12,3,6
Q14240,4,8,7,6,4,5,6,3,4,4,3,5,5,5,4,8,6,5,6,9,7,3,4,5,5,6,5,7,5,7,4,3,5,8
P61026,4,,4,4,2,2,3,,4,4,4,4,2,,,3,4,2,,4,4,3,3,2,2,3,3,5,2,3,2,3,3,3
Q05639,15,14,9,11,7,10,11,6,11,11,9,12,6,13,4,12,11,11,12,12,11,8,8,5,12,10,7,14,7,9,10,8,9,8
Q04917,5,6,6,,4,6,7,5,9,9,8,7,9,6,3,7,9,9,9,,9,9,4,6,7,4,9,7,7,7,6,8,8,6
Q9Y281,3,4,5,5,3,4,4,4,5,4,5,4,3,3,3,4,3,4,5,5,4,5,2,4,5,5,5,4,4,4,3,5,4,3
P18206,15,24,32,35,14,25,26,20,20,26,23,30,23,33,21,21,27,29,27,30,36,31,21,23,20,20,23,22,26,22,28,27,19,25
P49419,8,6,10,9,5,5,9,8,7,8,4,10,4,11,5,8,9,4,8,10,10,4,9,6,7,3,4,7,3,10,7,6,8,6
P54296,27,19,21,19,15,22,25,22,21,23,19,27,21,36,21,25,20,23,23,24,21,19,20,17,24,15,24,13,20,23,15,26,13,27
O75390,23,14,13,16,23,19,15,22,19,20,19,18,19,15,20,13,13,26,16,17,18,22,17,18,22,17,24,16,11,13,22,15,20,15
Q9Y2Q3,4,3,4,7,7,4,6,4,4,7,6,7,4,6,,6,4,6,5,7,8,4,4,8,7,3,5,7,2,4,3,7,5,3
Q00765,4,3,2,,5,2,2,2,,3,3,2,3,6,3,6,6,,3,4,3,3,7,2,4,,4,,2,4,2,2,2,
P30153,10,10,6,9,8,7,8,9,11,10,9,12,7,7,5,8,9,7,10,12,8,9,7,7,8,8,6,7,6,6,7,7,7,10
Q96I99,7,10,10,12,11,11,10,12,11,11,11,14,7,11,7,13,13,11,11,12,15,14,15,9,13,8,12,13,7,10,10,7,13,10
O75251,3,,4,,2,,4,,3,,,4,,,,,,,7,2,5,,4,,,4,,4,,4,,,,4
Q9H223,6,8,7,10,10,7,9,8,6,6,10,7,5,9,7,6,6,10,4,8,14,8,7,8,6,11,8,11,3,9,7,9,6,9
O14521,2,2,,2,,,,,,,,,,,,,,,6,,,2,2,,,,,,,,,,,2
P07954,7,4,5,6,4,3,6,2,6,5,7,3,,3,5,4,3,5,7,3,7,5,6,5,5,5,3,5,4,6,4,5,4,7
Q9BUR5,3,2,3,3,3,3,3,,,4,3,4,2,4,2,3,3,4,,3,,,3,4,3,2,2,,3,4,3,5,3,3
O95831,12,9,9,11,9,13,12,13,9,18,10,12,10,18,12,8,8,15,11,14,10,16,14,12,15,9,11,14,12,12,14,10,11,12
Q9P2R7,6,4,4,7,5,7,3,6,5,4,4,9,4,9,4,7,4,5,7,9,8,4,7,6,5,6,4,6,4,7,6,2,4,5
P21912,7,6,3,3,5,7,2,5,5,5,4,6,3,2,5,6,4,3,6,3,11,6,2,5,4,6,6,7,4,5,6,6,5,5
P42126,7,8,8,10,8,7,8,6,7,7,7,9,6,9,7,9,7,9,8,10,9,7,8,6,8,8,6,9,8,8,8,7,7,7
P26641,10,5,6,5,5,4,9,5,8,3,4,8,3,8,2,7,7,5,7,8,6,4,7,2,4,7,4,6,3,6,3,,4,5
P37837,4,7,4,10,6,7,9,5,8,6,4,12,5,8,3,7,7,5,4,7,6,4,5,6,5,9,7,9,8,5,5,6,3,8
Q8N4T8,2,,,,,,,,,,,,,,,,,,,,,,3,,,,,,,,,,,
P51149,2,4,,3,2,3,5,3,2,,2,2,,4,,2,3,2,4,5,,3,2,,3,,,2,,2,,2,2,3
Q16891,14,18,19,15,11,12,15,10,14,15,14,17,14,9,14,20,22,23,16,16,17,19,11,13,13,5,18,13,12,16,23,17,12,19
Q96FW1,5,3,3,5,4,2,3,2,2,2,,3,3,3,,4,4,3,5,3,4,4,2,2,,2,2,5,3,4,3,,2,3
P49821,14,14,16,16,9,10,15,9,13,10,10,14,7,17,9,18,10,11,15,11,18,9,15,12,12,10,8,13,8,12,10,9,11,17
Q13510,8,6,8,5,8,15,7,11,5,11,13,,14,6,8,8,7,10,4,11,3,8,8,12,12,5,14,9,9,13,9,9,8,9
Q00325,13,8,6,11,14,11,9,13,9,11,15,12,11,14,7,10,10,15,7,13,18,14,11,13,16,7,12,10,12,12,12,15,12,6
P68366,20,,15,19,12,16,16,19,,22,22,14,16,15,8,,,16,19,20,25,22,,13,16,,13,22,,,17,19,15,
Q04760,2,2,3,3,2,,4,,2,,,4,2,5,,4,3,,3,3,3,,,,,4,2,,2,,,,,4
P30101,8,6,7,6,3,5,9,6,6,3,3,7,,6,,5,8,3,6,8,4,4,6,4,4,,4,,4,6,4,4,3,7
Q9BVA1,8,,,,9,12,,9,,9,10,,9,,7,,,13,,,,10,,9,11,10,11,,9,10,8,12,11,
P07437,7,17,10,14,11,14,10,10,12,11,,9,10,12,11,10,15,12,13,11,14,11,10,15,13,14,12,13,13,11,9,14,13,12
P82650,3,,2,3,,,2,,,,,,,,,4,,2,3,,,,3,,,,,,,4,,3,,
Q9H2W6,3,,,,,,,,,2,,,,,,2,,3,,,,,,,3,,,,,2,3,,,
P23284,3,7,4,5,7,4,4,8,5,6,9,7,5,6,3,6,6,6,5,5,7,5,6,8,9,7,9,7,5,8,7,4,5,6
Q9NY65,20,21,15,18,11,14,,18,18,21,22,15,15,16,10,16,,15,20,20,24,22,,12,15,19,12,21,15,20,15,18,14,14
P61158,4,3,,,,,,,2,3,2,,3,3,,,4,4,2,2,,3,2,,2,,,2,2,3,2,2,,2
Q15907,3,,,,,2,4,4,,3,3,4,2,6,3,4,3,2,,4,5,3,3,5,3,4,5,5,2,4,2,3,2,2
P30086,2,6,3,4,3,3,6,4,2,4,3,5,,3,4,4,4,3,3,3,3,4,4,2,5,5,3,4,4,6,3,3,2,5
P04083,3,4,3,2,3,3,3,4,,3,4,3,2,3,2,4,4,2,3,3,3,2,,2,5,2,,,3,2,4,3,2,4
P31937,5,2,3,6,3,2,6,5,3,4,3,5,2,6,3,5,,3,3,5,,2,,3,3,2,2,2,4,5,3,2,4,2
O00217,5,6,8,6,6,7,8,7,5,7,7,5,6,9,,6,5,8,6,5,5,8,5,5,6,5,9,5,6,4,9,6,8,7
Q9BT78,3,3,2,,4,,2,,4,,5,3,3,3,,2,,2,5,2,2,5,2,,6,2,,2,6,2,4,4,2,2
P30048,9,11,8,12,8,10,12,8,10,9,8,15,11,11,,11,12,11,13,14,20,9,10,11,11,10,10,13,6,15,6,12,8,10
P33121,14,9,6,8,11,5,11,12,9,7,8,14,6,13,5,10,5,7,9,10,9,8,7,7,11,,6,7,5,11,6,4,7,7
Q8NDY3,6,6,6,6,5,5,7,3,7,6,6,6,5,6,5,4,6,4,4,6,3,6,5,4,6,3,6,4,5,6,3,5,5,7
Q9NX63,5,8,5,2,2,3,3,2,7,5,3,4,4,2,3,8,8,4,9,4,14,3,8,2,2,6,2,9,2,6,3,2,3,7
Q9UIJ7,2,4,2,3,,,2,2,4,2,,6,,4,,4,5,2,5,3,4,3,3,2,2,5,,4,,3,2,,2,5
P30044,4,3,4,4,4,5,5,5,5,4,5,5,5,4,3,5,4,6,3,4,6,3,5,5,6,4,5,5,2,5,5,3,4,3
O60493,2,2,,,,,,2,,,,,,,,,,,,,,3,,,,3,,3,,,,,,
Q14BN4,10,12,6,8,4,5,9,6,8,12,9,10,10,4,9,12,13,12,11,8,9,10,15,10,9,6,8,7,9,15,11,9,10,6
P54652,11,15,12,10,11,11,15,10,9,11,10,12,11,,7,,10,16,11,13,14,8,6,8,11,9,6,,12,13,7,8,9,6
P30043,3,4,6,2,2,,3,,5,,,3,,3,,3,7,,6,5,3,2,2,,,3,,4,,2,,,,2
P43155,6,5,6,6,6,8,10,7,5,5,4,7,4,6,6,7,6,9,5,6,11,4,5,8,7,2,6,8,8,4,4,4,6,6
Q6NVY1,4,5,5,9,2,5,7,4,4,5,4,5,4,12,4,9,5,6,8,10,6,3,4,4,2,7,4,9,5,6,5,7,6,6
Q9NPC6,3,7,8,8,3,6,7,5,5,5,5,8,7,7,4,7,7,6,7,7,8,9,4,6,4,7,4,7,3,5,7,6,5,6
P23396,2,,2,,2,,,,2,5,3,4,,2,,,2,,6,5,2,5,2,,6,4,2,2,2,2,2,,,2
Q02338,4,3,,4,3,,,5,4,4,4,4,,3,4,,2,4,3,4,,3,3,,6,,3,,2,3,4,4,3,3
P30046,4,7,4,6,3,2,5,,6,,,4,,6,,9,6,2,3,7,6,2,,,2,5,,4,,4,2,4,,5
P05091,13,10,10,15,8,9,9,7,14,6,8,17,10,11,5,13,10,6,8,14,13,5,9,5,8,14,7,12,8,7,7,6,6,11
P24752,12,9,6,12,10,9,11,8,9,10,12,10,6,15,9,15,11,13,12,11,13,11,12,8,12,14,11,14,5,10,10,9,9,11
P31948,5,3,,4,6,4,2,7,2,5,6,3,5,3,3,5,,6,5,,3,3,5,6,8,4,3,6,3,4,3,4,3,4
P08670,4,29,28,13,7,26,8,12,11,20,21,10,23,10,19,13,33,34,21,17,14,34,18,24,21,48,27,21,35,16,21,30,22,12
P62736,13,17,13,16,12,17,21,15,11,8,18,22,22,17,11,13,13,21,18,18,24,7,8,12,18,9,11,14,12,13,20,13,11,11
P68133,13,17,13,16,12,17,21,15,11,8,18,22,22,17,11,13,13,21,18,18,24,7,8,12,18,9,11,14,12,13,20,13,11,11
P68032,13,17,13,16,12,17,21,15,11,8,18,22,22,17,11,13,13,21,18,18,24,7,8,12,18,9,11,14,12,13,20,13,11,11
P63267,13,17,13,16,12,17,21,15,11,8,18,22,22,17,11,13,13,21,18,18,24,7,8,12,18,9,11,14,12,13,20,13,11,11
P60709,11,17,,16,11,15,20,13,11,8,15,,16,16,8,12,12,18,18,17,24,6,7,11,17,8,10,12,11,11,16,11,7,9
P63261,11,17,,16,11,15,20,13,11,8,15,,16,16,8,12,12,18,18,17,24,6,7,11,17,8,10,12,11,11,16,11,7,9
Q9NR28,3,4,3,4,3,3,2,3,5,4,3,5,2,5,4,5,2,4,4,3,6,3,4,4,3,4,2,3,2,3,3,3,3,3
P50461,2,,,,,2,,,,2,2,,,,2,,,2,,,,2,,,,,2,,,,,,,
Q99798,17,11,10,14,10,11,10,14,10,13,15,11,7,12,10,12,15,8,14,11,11,11,16,13,14,7,13,11,6,11,11,10,12,10
Q9Y305,5,4,3,10,6,7,8,4,4,7,5,8,7,9,3,4,6,6,7,5,7,5,6,4,4,7,6,7,4,8,5,5,4,8
O75431,3,4,3,3,2,4,,,3,5,6,2,4,,,2,2,4,3,,2,,,2,,,4,3,3,,6,2,3,3
P11233,2,,,,,,,,3,,,,,3,,3,,,2,2,,,3,,,,,2,,3,,,,2
P11234,2,,,,,,,,3,,,,,3,,3,,,2,2,,,3,,,,,2,,3,,,,2
P55786,9,4,6,4,11,10,4,10,8,11,12,11,8,8,3,6,9,6,5,8,10,5,7,12,14,6,13,9,8,9,8,7,6,5
Q16718,2,4,2,3,2,4,2,2,3,2,4,2,2,3,3,2,4,4,3,3,,3,2,3,3,2,3,3,3,2,3,4,3,3
Q01813,12,16,10,12,12,13,19,12,8,11,12,17,11,16,7,13,13,11,13,15,11,12,12,12,12,9,12,14,11,17,11,12,9,9
O75874,4,5,5,7,5,5,5,5,4,5,7,8,4,6,5,8,5,4,6,4,5,6,8,3,4,7,4,6,5,8,5,6,5,4
P26440,4,,6,5,,,4,2,4,3,,4,2,6,,6,3,,3,4,7,,3,,,,,,,,,,,4
P30041,7,6,5,9,,2,6,,6,,,7,,10,,7,9,2,7,10,7,,6,3,2,10,,8,,6,3,,,
Q02218,15,15,17,19,20,20,17,13,17,19,23,14,20,22,17,21,16,22,22,23,30,22,15,19,22,17,21,19,12,18,24,22,16,17
P15311,6,12,8,9,5,4,11,3,6,7,6,11,5,10,5,10,11,4,14,10,11,4,9,7,11,9,6,10,8,5,4,6,5,8
O75306,7,3,8,6,8,4,6,8,5,6,6,9,8,7,7,7,5,4,7,4,8,8,3,8,6,3,9,10,7,5,7,7,7,5
P00338,4,10,4,5,4,4,5,5,3,6,5,3,3,6,3,3,8,4,7,5,6,4,6,6,5,8,5,7,6,6,3,6,2,6
P19404,5,6,9,5,6,6,6,6,6,5,4,7,5,5,4,10,8,6,6,3,12,6,4,8,5,8,7,9,4,4,5,5,4,6
P22061,2,9,6,4,6,5,4,3,5,3,5,6,3,7,4,7,7,5,5,3,2,3,3,3,4,5,4,5,3,6,3,4,3,7
P16615,21,13,11,10,16,15,20,19,15,16,16,16,16,24,19,23,18,16,16,17,18,19,19,15,19,20,19,15,12,20,16,18,14,15
P35222,9,11,11,11,9,7,12,5,9,9,6,13,11,13,8,10,13,10,10,17,16,11,10,8,11,7,8,15,5,9,11,11,7,10
P28331,8,11,12,8,6,4,12,5,9,10,9,11,7,10,5,14,12,9,11,12,14,6,8,11,7,5,12,11,7,7,9,7,7,10
P16219,4,8,3,3,3,4,6,2,8,,5,7,,9,3,7,8,6,7,7,4,,3,4,,2,3,3,2,4,,5,4,8
P78417,3,3,3,4,,,4,2,2,,,,,4,2,2,2,,4,3,4,,,,,2,,4,,4,3,2,,3
P42704,14,7,7,8,14,10,15,16,14,15,15,14,9,12,7,13,9,13,10,12,13,9,11,10,17,6,12,9,8,13,10,10,9,11
Q9H4M9,6,10,9,12,8,5,7,6,6,7,7,7,8,10,7,7,7,10,8,9,12,6,6,6,6,5,10,6,6,6,5,10,7,10
O43837,7,8,7,5,9,6,5,6,8,5,5,8,7,5,2,8,4,4,8,4,5,6,4,6,4,4,3,4,3,4,5,4,5,4
P04406,10,19,13,13,8,10,16,5,14,13,10,17,7,18,9,18,18,9,16,14,19,8,12,9,12,17,10,19,6,17,11,7,11,12
O00330,5,7,7,5,3,4,5,4,6,8,5,7,5,6,3,7,8,7,7,5,6,4,6,2,3,3,3,3,2,5,5,6,5,8
Q16795,5,5,6,3,6,,8,6,4,8,5,5,4,7,3,6,6,8,5,4,7,4,6,5,9,3,7,4,3,5,8,4,5,6
Q8N5M1,2,,,3,2,2,,4,,,2,2,,,,,2,4,3,2,,,,3,3,,2,,,,,,,
P35270,2,,,2,,,,,2,,,2,,,,4,,,3,,6,,2,,,2,,2,,2,2,,,
P14923,10,8,8,10,9,9,8,6,8,10,8,8,7,9,7,7,9,10,7,8,10,8,9,4,10,8,7,8,4,9,13,6,7,8
P07237,6,14,10,11,9,7,11,4,13,8,7,9,3,5,4,12,16,9,14,10,17,7,8,3,9,17,3,14,8,14,7,7,8,8
P00738,7,8,3,4,5,4,3,5,4,4,5,5,,7,3,4,5,3,10,,3,2,5,4,6,5,,2,9,6,,,2,7
P05388,3,3,2,3,2,,2,2,,3,4,3,,3,2,3,3,2,2,2,2,2,4,2,5,2,2,6,,2,,2,2,3
P29218,3,,3,,,,,,,3,3,2,,,3,4,3,2,6,,,,3,2,,,,,2,5,2,,3,
Q6PI78,4,2,,3,4,,5,3,3,3,3,,2,4,,3,3,3,3,2,3,2,3,3,3,,6,2,,4,,3,4,4
O14958,5,12,11,11,8,7,9,7,4,8,5,8,5,10,5,8,7,7,9,8,13,8,7,7,10,9,6,7,5,4,7,6,7,6
P54920,3,3,3,4,,2,5,2,2,2,3,4,,5,4,2,4,3,6,6,3,3,,,3,6,3,4,3,4,3,3,,3
P21796,5,10,11,6,9,5,4,6,5,5,9,5,4,2,5,10,8,4,12,3,9,8,6,4,5,5,7,8,4,4,8,5,4,9
P55072,11,13,11,9,8,10,12,9,10,13,14,12,10,6,10,13,15,10,10,6,12,11,8,12,13,9,10,11,15,14,11,15,8,13
P06744,7,8,6,6,6,7,7,9,7,9,11,12,4,7,7,7,6,7,8,6,7,8,8,8,10,5,7,6,7,6,9,6,9,5
Q13561,4,5,4,4,2,,2,2,4,,2,3,,3,,4,4,,4,,4,,3,4,,3,2,4,,3,,2,2,3
Q9H7Z7,4,,2,3,3,3,3,2,4,2,3,3,4,3,3,3,2,4,3,2,2,4,3,3,3,3,3,2,2,4,5,4,2,2
Q13423,19,12,10,12,6,9,13,8,10,9,7,14,7,8,7,17,12,9,14,15,16,9,14,10,8,11,8,11,7,15,8,8,8,16
P26038,5,14,12,10,5,8,8,6,9,6,9,10,8,13,7,13,9,7,12,11,10,8,7,5,12,13,5,11,9,7,6,7,6,9
P63151,6,4,4,6,,3,5,,4,2,2,4,,5,,5,3,,3,5,4,2,3,2,3,2,2,3,,4,3,,,5
Q9Y276,3,,2,5,,,6,,6,,,6,,4,,3,,,,5,3,,4,,,,,2,,4,,,,5
P14625,8,14,11,12,7,8,14,11,10,8,10,9,7,13,11,11,11,14,14,10,11,6,7,9,12,11,4,11,9,8,9,10,8,10
O43615,7,5,6,7,8,4,11,11,,8,4,9,6,8,4,9,5,5,5,7,9,3,,4,6,3,6,4,2,3,5,4,4,6
P05165,6,3,5,8,7,7,11,6,5,5,8,11,8,11,7,10,7,7,6,9,9,7,5,8,8,6,6,9,5,5,7,4,6,7
P13929,7,10,11,10,6,5,10,6,8,4,5,9,4,12,4,12,8,8,11,10,9,7,3,6,14,5,8,2,3,8,14,12,5,10
Q9Y2Z9,4,3,7,7,5,4,4,7,4,3,2,5,4,6,2,9,4,5,4,6,5,2,4,3,4,4,3,3,4,5,4,4,3,2
P06732,24,12,12,15,13,7,14,12,13,7,10,15,8,18,8,14,14,9,16,16,17,8,13,8,14,14,11,13,7,18,9,6,9,13
P50502,3,,2,4,2,2,2,4,2,3,2,4,,4,,,4,3,,4,2,2,3,3,3,5,3,2,2,2,3,2,3,4
Q8NBN7,2,,,,2,3,,4,,2,2,2,2,,,,,2,,,,2,2,2,2,,2,3,2,2,2,2,3,
P63244,2,3,2,3,4,3,2,2,,3,3,,,3,,2,4,4,3,4,4,4,3,,5,,,2,,4,3,2,2,5
P05026,3,,,,,,2,,,3,,,,3,,,,,2,2,,,,2,,,,,,,,,2,
Q96A26,3,3,,3,2,,,,,,,,,3,,,3,2,3,3,3,,,2,2,3,,,,4,2,,2,3
Q9Y4W6,8,7,5,8,9,6,8,9,7,10,10,7,7,8,7,7,6,8,6,10,9,8,8,5,8,3,6,6,5,11,7,7,11,9
P11021,7,7,8,9,5,5,8,4,7,6,6,10,3,9,5,10,6,6,6,8,8,9,3,7,10,6,5,7,6,5,6,7,5,9
P06761,7,7,8,9,5,5,8,4,7,6,6,10,3,9,5,10,6,6,6,8,8,9,3,7,,6,5,7,6,,6,7,5,9
P20029,7,7,8,9,5,5,8,4,7,6,6,10,3,9,5,10,6,6,6,8,8,9,3,7,,6,5,7,6,,6,7,5,9
P07823,7,7,8,9,5,5,8,4,7,6,6,10,3,9,5,10,6,6,6,8,8,9,3,7,10,6,5,7,6,5,6,7,5,9
P01019,4,3,2,3,3,3,3,3,3,2,3,3,3,7,,2,4,2,6,3,,,,2,4,7,3,3,2,2,2,2,2,2
Q13228,8,3,4,6,4,3,4,3,5,2,4,5,5,5,3,5,5,,5,4,5,3,4,5,6,4,4,5,2,4,,4,,4
O75208,2,2,4,,2,2,3,,2,2,,4,,3,,3,2,,3,2,2,2,,,,3,2,2,,,,,,4
O14558,2,,,6,2,3,4,2,6,2,,3,2,,4,,6,3,5,4,13,3,2,3,2,7,,4,,3,2,,3,5
O60313,8,10,13,12,12,13,12,14,10,15,12,9,9,12,11,13,10,13,12,17,11,13,9,6,10,7,12,11,8,14,13,10,11,12
O75489,2,4,4,3,2,3,4,,4,,3,5,,5,2,7,4,3,4,6,5,,,3,2,3,2,3,,2,3,3,,7
P01024,15,29,19,20,17,20,13,13,17,15,13,18,11,14,15,13,26,17,22,13,11,16,19,14,19,29,12,16,24,19,16,18,17,30
O43242,4,5,2,3,5,6,6,5,9,6,4,6,4,4,3,3,4,3,3,6,,6,4,3,3,3,6,5,2,4,6,3,,5
Q16851,4,3,2,3,2,4,2,2,2,2,2,2,2,2,2,3,2,3,,3,7,,4,4,5,3,4,3,4,2,3,4,3,3
Q8NB12,7,6,5,7,3,7,6,8,3,6,6,7,6,10,6,4,11,7,7,9,11,8,10,7,10,6,8,8,8,6,6,8,7,6
O43488,2,4,2,2,,,2,,3,,,3,,2,,3,,,3,2,,,2,,,,,2,4,2,,,,2
Q5TC12,2,2,2,,,,,,2,,,2,,2,,,2,,2,2,,,,,,2,,,,2,,,,2
P45379,7,9,11,10,5,6,8,5,5,6,6,10,9,8,3,7,11,8,10,9,11,8,,5,4,8,6,8,6,4,6,8,4,6
Q08257,2,,,4,3,2,2,4,2,4,,,2,4,3,2,,3,2,,,,3,,3,3,2,,,3,2,4,2,2
Q53GQ0,2,,,,,2,3,,,,,2,,2,,,2,,,,,2,,,,,,,,2,,,,2
Q9H845,4,2,6,2,5,4,5,8,5,5,7,3,3,10,5,5,2,7,5,5,4,3,5,6,6,3,3,2,2,5,5,8,2,6
P31939,5,4,,5,2,2,3,2,5,3,4,3,,6,,3,2,2,3,2,4,3,4,2,,2,,2,,3,2,3,,3
O75323,4,3,,2,,2,3,3,,,4,,2,4,2,3,2,2,,,5,2,4,2,2,2,2,3,,5,5,2,3,
Q02878,2,,,,,,,,,,,,,,,,,,,,,,,,3,,,,3,,,2,,
Q9HCP6,4,,2,,3,2,5,3,2,4,3,4,2,4,3,4,5,4,2,3,4,4,5,3,3,,2,5,2,5,2,2,4,4
P24298,6,,4,3,4,2,5,3,4,2,,,,8,,3,,2,4,,,2,,,,,2,4,,4,,,,
P49189,6,6,6,5,5,3,8,3,6,4,3,7,,6,3,5,9,4,7,7,4,3,5,5,4,3,3,4,3,6,4,5,3,6
P13716,3,6,5,5,3,3,4,2,4,,2,5,,6,3,6,3,2,5,5,2,,3,,2,2,2,3,3,3,,,2,7
O00764,5,5,2,4,,,,3,,,,2,,4,3,6,3,,4,3,6,,,,5,6,2,8,,,2,,,3
P35221,7,5,7,7,8,6,6,8,6,6,6,10,8,9,6,6,7,8,8,6,8,8,7,6,7,6,7,10,4,8,7,5,6,6
Q92523,12,9,4,6,4,6,8,7,8,7,6,9,7,3,5,8,5,5,8,8,5,4,9,8,8,2,6,7,4,7,5,7,4,5
P21397,5,5,4,6,2,5,2,3,5,,3,6,,4,,5,5,4,6,3,7,4,2,4,4,5,,5,,4,4,4,5,4
Q99729,2,2,2,,,,2,2,3,,,,,2,,2,2,,3,2,2,,,,2,2,,3,2,,,,,2
Q8IWX7,5,8,5,11,7,11,8,11,8,11,7,13,6,10,8,6,11,7,6,16,8,9,7,8,9,4,7,7,7,6,11,11,11,11
P11182,6,3,5,4,,,6,2,5,2,,6,,6,,6,4,,6,6,5,2,4,,2,3,,7,3,6,,2,,3
P36957,6,6,7,8,11,9,8,9,8,6,11,11,6,9,5,8,8,6,7,5,8,6,7,7,8,7,7,6,6,7,9,7,8,8
Q15084,5,5,7,7,3,2,6,4,6,6,5,6,,5,3,5,5,3,5,8,7,6,6,,5,8,2,7,3,4,4,5,2,4
P02750,4,4,2,3,2,3,3,2,2,,,3,2,4,,3,,,7,4,4,2,4,,4,2,,3,3,,4,,2,4
P27338,5,,5,5,3,5,4,2,4,8,5,6,6,4,5,5,7,5,6,4,9,7,3,5,4,3,5,8,3,4,5,5,7,6
P28838,4,13,7,11,2,3,7,7,10,7,5,10,5,7,3,9,11,4,9,10,6,3,5,7,4,12,4,8,5,8,4,3,5,10
Q3ZCQ8,3,,,,3,2,,,,,,,2,,,,,,,,3,,4,,3,,,3,,4,3,,,
Q9UI47,6,4,5,3,3,3,2,3,5,5,5,4,4,6,4,4,8,5,7,6,2,7,3,3,4,2,5,4,2,4,5,4,2,4
P13639,7,7,4,9,8,8,8,9,9,8,7,7,8,12,6,9,10,7,7,11,8,8,6,9,17,4,7,10,8,6,8,6,7,7
O75112,11,16,17,15,9,12,13,8,22,8,10,16,8,17,11,17,16,11,17,15,14,10,11,10,7,18,10,16,15,13,9,12,11,15
P55809,7,5,9,11,4,7,8,6,11,8,7,9,6,8,4,7,12,10,8,6,10,7,10,5,10,8,8,9,4,11,9,9,7,6
P07585,4,6,3,7,4,2,3,2,2,2,3,4,4,5,2,7,5,2,4,3,3,,,,4,5,5,4,7,,5,3,2,5
O14561,3,3,,,,,3,,3,,,4,,,,3,,,,,3,2,,,,4,,3,,,,,,4
P04843,4,2,2,,3,,,3,,4,3,3,2,,2,2,2,5,,3,,2,3,2,4,,4,,3,3,2,4,3,
P07339,4,5,5,5,5,3,2,6,3,3,5,5,3,4,2,4,2,3,3,3,4,3,4,2,5,2,2,2,2,5,4,4,3,4
P11177,3,2,,,2,2,,,,2,2,2,2,,2,2,,2,,2,2,2,,2,3,2,2,2,2,3,2,2,2,
P51884,3,11,7,6,2,7,4,,6,5,3,2,3,5,2,6,8,6,6,5,7,3,7,,3,10,3,5,6,8,5,4,3,8
Q9UHQ9,2,2,,3,2,,2,2,,2,4,3,,,3,,,4,,4,3,4,3,,3,,2,4,2,3,2,4,4,2
O43772,2,,,,,,,2,,,,4,,,3,3,3,,3,,3,,2,,,,2,2,,2,,,2,2
Q9HCC0,5,6,6,5,5,6,7,6,8,4,6,7,,7,5,6,6,6,7,6,7,6,4,5,8,2,4,4,4,4,5,5,4,6
P22307,4,4,4,3,,,5,2,4,2,,6,2,6,,7,,2,4,4,6,2,,2,,6,2,3,2,2,,2,3,4
O95747,3,,,,2,,3,,,3,,2,,,,,,,,,2,3,,,,,,,2,3,,2,,
P16671,7,6,4,7,8,3,4,6,5,14,7,4,4,6,2,6,3,11,,4,5,10,4,7,6,5,6,5,6,5,10,5,6,3
Q15118,2,5,2,,2,3,2,2,,2,3,3,2,3,2,3,3,4,,2,,,2,2,3,2,2,4,,2,3,3,2,2
P50213,7,5,5,3,5,7,5,6,5,6,4,6,5,4,5,4,,6,4,4,8,5,,5,5,5,4,5,5,6,4,5,8,4
P53597,2,,3,4,2,2,4,2,3,,3,2,2,4,,4,2,3,4,3,5,2,,,2,3,2,4,,,3,,2,4
Q86X76,3,,,,,,,,,,,,,,,,,,,,,,,,,,,,2,3,,2,,
Q02252,5,3,5,6,7,7,5,7,7,9,9,8,8,2,8,6,8,5,4,7,5,8,4,9,11,6,3,9,7,5,10,7,6,4
Q9NWU1,3,,,,,,,,,,,,,,,2,,,,,,,,,,,,,,,,,,
P13861,4,,,,3,,,2,,2,3,,3,,2,,,,,,3,2,,3,,,2,,,,2,,,
P09110,2,,,,,,,2,,,,,,,,3,,,,,,,,,,2,,2,,,,,,
P15121,3,5,5,4,4,5,5,2,4,2,4,5,2,4,,3,3,5,9,3,5,2,5,3,4,2,2,4,3,6,4,3,4,4
Q99959,6,4,5,7,7,6,7,9,4,7,5,8,4,7,10,9,7,5,4,9,8,7,5,7,11,6,7,8,8,5,3,7,6,7
P23368,4,3,2,5,6,5,6,7,4,4,6,3,4,3,3,4,2,4,3,3,3,6,3,5,4,4,5,,5,3,4,6,5,
Q9Y697,4,5,4,4,2,3,5,,4,,3,4,,4,,5,4,4,4,4,5,2,,2,2,4,4,6,2,6,3,,2,5
P62495,2,,,4,4,2,3,4,,4,3,3,5,2,2,2,,3,2,2,,3,4,2,5,,3,,2,2,2,3,2,2
P45954,3,5,3,4,,4,6,,5,3,2,5,3,3,5,4,5,3,5,4,3,4,3,6,2,3,5,3,3,4,4,4,3,4
P13807,4,10,7,8,6,4,10,4,7,5,4,7,3,12,6,4,7,10,6,8,10,6,3,4,5,,4,4,7,4,8,6,4,3
O95810,2,3,3,2,,3,2,,2,,2,2,,,3,2,4,2,2,2,2,,2,3,2,4,2,2,,3,,2,,2
Q9NUB1,6,4,3,5,6,4,6,4,3,4,5,7,5,5,3,5,2,5,4,4,8,4,4,3,5,2,5,3,3,4,8,5,3,5
Q86WU2,4,,2,,,,,,2,,,,,2,,,,,2,2,,,,,2,,2,,2,3,,,2,2
P23381,3,3,6,3,,3,2,,3,4,3,2,3,3,,4,4,5,3,3,,2,2,4,6,4,3,4,3,3,3,3,3,2
P13473,2,,,,2,3,,2,,3,2,,2,,,,,,,2,2,2,2,3,3,2,3,2,,,3,2,3,
Q9UNZ2,4,3,3,3,2,2,3,,3,,,,,,,4,4,2,4,3,,2,3,2,2,,2,3,,2,,,2,3
Q8N335,2,4,4,5,4,4,6,4,3,3,5,8,3,9,,3,4,3,6,6,2,4,,4,5,5,4,8,3,2,3,4,5,3
P35573,11,12,12,16,15,10,17,17,15,11,14,19,8,18,12,9,10,12,12,22,19,10,7,14,14,4,12,14,7,8,12,11,13,2
P05155,2,4,3,,,,,,4,,,2,,,,2,4,,7,,5,,,,,3,,4,,,,,,4
O00429,4,4,2,4,5,6,,4,3,3,3,3,6,4,4,3,,4,,2,4,5,3,6,5,3,4,3,4,7,3,4,5,2
P60900,2,4,4,5,3,2,5,3,2,3,4,6,3,7,3,3,3,2,2,3,5,,2,2,2,2,,5,5,2,4,2,2,4
P52179,11,10,24,20,17,21,17,13,16,16,18,19,19,19,21,20,29,16,17,21,21,21,8,19,15,8,18,20,10,12,14,18,16,20
Q8WUM4,8,3,9,8,4,3,6,6,5,8,5,7,7,12,4,8,5,5,5,8,9,4,4,7,8,5,3,6,3,4,4,6,6,5
P55290,5,2,4,3,3,3,3,3,2,6,6,5,4,4,4,4,5,4,6,4,4,6,3,3,4,2,5,4,2,3,4,5,3,4
P50995,2,4,6,2,6,9,4,4,,6,7,4,11,4,4,,7,10,4,3,5,9,4,5,6,4,7,4,3,8,7,5,6,4
P11766,2,3,2,,4,4,,2,4,3,5,2,,,3,,4,2,3,2,3,4,,3,4,3,2,2,3,2,3,3,3,
Q15365,2,,,,,,,,,,,,,,,,,,,,,,,,,,,,,,,,,
P11586,4,3,,3,7,5,2,5,3,4,4,5,5,5,4,5,2,4,2,3,5,,6,6,6,3,5,2,2,4,4,4,7,4
P22033,3,,2,3,5,5,4,6,5,6,4,4,4,2,4,5,,5,,4,4,4,,5,6,4,7,2,,2,7,4,6,
O43237,2,,,,,,,,,,,,,,,,,,,,,,,,,,,,,,,,,
Q14315,14,24,21,21,15,21,27,17,22,18,22,24,10,27,27,15,22,30,23,38,31,28,13,17,44,14,23,19,14,18,12,23,16,13
Q00610,10,11,11,13,13,13,18,13,12,12,14,15,17,16,11,11,17,15,9,21,15,19,10,15,17,9,11,16,10,20,15,22,17,12
P07602,8,,,4,5,2,,,,,3,4,,4,,3,4,4,4,3,4,2,4,,2,4,,4,,4,2,,,
Q14108,2,2,,,2,2,,3,,3,2,2,3,2,2,,,3,,3,,,3,,2,,2,,,5,,2,2,3
P10768,4,4,4,5,,4,4,,3,3,2,3,4,4,3,4,3,3,3,4,3,3,4,3,2,,2,,3,3,3,,3,3
Q99714,6,7,6,5,2,3,6,3,5,3,4,5,2,7,3,6,3,6,6,6,7,4,5,3,3,4,3,6,2,6,4,3,4,6
P02545,3,15,16,12,2,11,2,11,6,12,7,5,5,4,6,6,24,5,7,13,8,12,7,7,7,26,11,11,10,10,2,8,5,8
P05166,2,,,,2,,,,,,,,,,,2,2,,,,3,,2,,,,,,,2,,,,
P12081,2,2,2,,2,3,4,,,,2,3,,4,,2,2,,,3,,4,2,,3,,,,,,,3,,
P04040,2,5,3,3,4,,,2,4,2,3,5,,3,4,3,5,4,4,4,,2,4,3,5,5,,,6,,,3,2,5
Q6NUK1,3,,,,,2,,2,,,,2,2,,,,,3,,2,,,,2,2,,3,,,,,,2,2
P06733,5,11,9,12,6,6,9,7,7,7,7,8,5,9,,8,9,8,11,9,10,7,5,6,6,11,4,9,6,7,6,5,5,9
P21926,2,,2,2,,2,,2,2,2,,2,,2,,,3,2,,,,,2,,,,2,4,3,2,2,,2,
P62820,2,,,,,,,,,,2,,,,,,,,,,,,,,,,,,,,,,,
Q13813,13,18,27,19,16,24,20,7,14,18,15,14,13,20,17,13,24,20,22,22,20,25,14,14,16,24,22,13,17,15,12,29,15,21
Q9NSE4,9,6,4,9,11,8,8,8,7,9,7,8,7,8,13,5,7,6,9,9,8,9,8,12,7,4,8,8,2,9,6,7,7,10
P51553,4,3,4,4,,3,,2,3,,2,2,2,3,3,4,4,,4,5,4,2,3,2,2,4,,2,,6,3,2,2,4
P07384,5,4,5,7,3,3,12,5,7,5,3,8,2,8,,4,2,5,8,10,3,,4,,4,3,,3,7,5,5,4,2,6
Q9NZN4,3,2,3,6,2,,4,6,4,7,5,6,,6,,2,5,,,4,2,5,8,,4,6,,6,5,5,5,5,2,3
P49368,2,5,5,8,3,2,6,3,,3,2,5,3,8,2,7,3,2,3,5,6,,4,3,3,4,2,4,,,2,2,4,7
Q99832,2,2,3,3,2,5,5,3,,4,2,3,2,4,2,2,2,2,,5,,3,2,3,4,,3,,,,3,,3,3
P14868,2,3,,,,,2,,,,,,,5,,,3,2,3,2,,,2,,,2,,2,,2,,,,
P23141,3,,,3,,2,,4,,,3,,3,,5,,4,,,3,,3,2,4,,5,,,3,5,,3,3,
Q96HC4,10,5,6,8,4,,6,2,6,,3,6,,8,,5,7,,4,6,7,,7,,3,3,,6,5,6,3,4,3,7
P83111,4,4,3,5,,,,,2,,,5,,4,,4,,,5,3,,,2,,,,2,2,,2,,,,6
P35241,3,4,3,6,2,3,7,3,3,,,5,2,4,2,3,3,2,3,7,3,,,2,4,3,2,4,,4,4,,2,3
Q9NUJ1,2,,,,,,3,,,,,2,,,,,2,,,,,,,,,,,,,2,,,,
Q04446,4,3,2,,,4,2,,3,2,3,,4,,4,,4,3,3,2,5,,4,3,3,,3,2,4,5,5,,3,
Q12931,3,3,2,3,2,,,,,5,2,2,,2,2,,,3,,,3,2,2,2,2,,,4,,2,,2,2,4
O75521,4,,5,2,3,2,4,2,,3,2,5,2,4,3,4,4,3,4,4,,4,4,3,3,,3,2,2,,2,3,2,
P25786,2,2,,,2,3,2,2,,,,4,,2,2,2,,,4,,2,4,,3,2,2,2,3,3,,2,,2,
P51649,3,2,3,5,2,4,4,3,3,5,2,5,4,7,5,5,5,5,5,4,3,3,3,5,3,,5,4,3,4,6,4,2,6
O43707,6,14,10,10,6,10,7,11,12,,8,7,9,7,7,10,10,10,11,6,7,10,11,3,10,17,13,8,17,12,15,11,,12
P12814,6,17,,10,6,,,10,,12,8,,,,,,,10,,7,,10,9,3,,16,12,,17,11,15,11,7,11
P30038,3,5,3,6,4,3,3,4,5,5,6,4,3,3,4,2,8,,6,4,3,3,3,3,2,2,,2,3,2,,3,3,3
Q01518,2,3,3,9,3,3,3,,2,3,2,4,,2,3,2,4,5,4,8,2,3,,2,5,4,5,2,2,,3,4,2,5
P0C0L4,8,,9,6,6,,6,5,,,6,,,4,,4,,6,,8,,,8,,11,,7,8,6,,3,,5,16
P13010,2,3,,4,,,3,,,,3,3,,4,2,3,2,4,3,3,3,,4,2,,3,,4,4,3,,,,3
Q96CM8,2,,,,2,2,3,2,,2,,,,2,3,3,,,,2,3,2,,2,4,5,,4,,,,,2,2
P29401,3,,,,,,,,,,,,,,,,,,,,,,,,,9,,4,2,3,2,2,,
O75131,3,2,2,,,,,,,,,,,2,,2,2,,3,,2,,,,,,,,,,3,,2,3
Q8NCN5,3,,2,2,,,,3,6,3,5,4,,2,3,2,3,3,3,2,5,,3,2,2,,5,,,,5,2,2,
P21980,2,,,2,,,4,,,,,5,,8,,,,3,,6,7,,,,,,,,,,,,,3
O75027,2,,,2,,,,,2,,,,,,2,,,,,,,3,,,,,,,,,,,,
Q9NSD9,2,,,,,2,,4,2,2,3,,3,2,2,,,3,2,3,3,2,3,3,4,,2,,2,2,4,4,2,
O76041,3,8,17,9,6,6,6,8,5,6,10,5,5,9,10,10,17,8,4,8,6,11,3,8,9,6,6,6,7,8,,8,3,7
Q16134,2,3,2,4,,3,,,2,,,4,,2,,5,2,,2,4,3,,,3,,3,2,3,,4,,,3,4
O75083,3,6,5,6,3,4,5,,7,,,5,,6,2,3,3,3,3,7,7,3,2,3,4,,,4,,4,,5,,6
Q15046,2,,,3,3,,3,3,2,3,3,4,3,4,3,3,,4,3,2,4,2,2,3,3,2,2,5,,,4,3,4,3
P23526,2,2,5,2,3,3,3,2,2,3,3,5,3,3,4,4,2,3,5,4,4,2,,3,4,2,5,3,2,2,2,3,4,3
P13804,2,2,2,2,,,4,,3,,,2,,2,,4,3,,2,3,4,,2,,,3,,3,,2,3,,,2
P27824,2,4,,3,3,6,4,4,3,7,4,,3,,5,3,5,7,3,3,,3,2,3,6,,3,2,6,2,5,6,5,
Q9Y490,6,16,17,15,10,13,11,15,11,13,12,18,10,18,8,10,10,11,15,14,14,14,10,7,14,14,13,14,11,8,8,12,13,17
Q0ZGT2,2,2,2,,,2,,2,,,2,,,,3,2,3,3,,4,,4,3,,2,,3,,2,4,2,2,,2
Q6NZI2,4,5,7,8,7,6,5,6,6,6,4,4,6,6,5,7,7,7,7,5,9,6,4,6,4,13,5,9,3,4,6,3,7,6
Q14203,4,,,4,4,3,3,4,2,6,3,4,2,6,,,4,5,2,7,7,4,4,4,4,,4,3,,5,3,2,4,2
O75891,2,,4,,2,,3,,4,,5,2,,2,2,,3,3,3,4,3,4,,,4,,,,2,,2,3,2,
P06396,3,2,,2,5,,2,2,,,4,4,3,,,3,2,3,3,,3,,3,4,3,,,,4,,5,6,3,
Q2TB90,3,2,,4,2,2,2,2,2,5,3,3,,4,2,3,4,2,4,4,4,3,,2,5,4,4,3,3,5,3,3,2,2
Q96QK1,2,,,,2,2,,,,,2,,2,4,,,,,,2,,2,2,,2,,4,2,,3,,2,2,
O95140,2,,,4,,2,7,2,3,2,2,,2,2,,5,2,2,2,4,4,,3,3,3,,,,,3,,,,3
Q16531,3,2,,4,,,,,3,3,2,5,2,3,,,2,2,3,3,3,2,,,2,,,,,,4,3,,2
O60763,2,4,,,3,2,3,4,2,3,,3,3,4,3,4,,3,,,5,3,3,5,3,2,3,3,,4,,4,6,2
Q13200,2,2,,2,2,4,2,2,2,2,3,3,,7,2,,3,2,,3,,3,,4,3,,3,,,,2,2,3,
O14773,2,3,2,,3,,3,2,,,,3,,,,2,4,4,2,3,3,,,,3,2,3,3,,3,3,2,4,3
P21333,7,12,9,18,8,12,11,10,10,14,11,10,9,14,7,9,13,18,12,14,8,16,13,10,17,15,16,16,15,16,9,21,10,5
O00159,3,3,,2,3,4,2,3,,3,3,3,,3,2,,,,,3,,3,,2,2,,,,2,,2,,,2
Q9BZQ8,5,4,4,4,5,2,4,3,2,3,3,4,2,5,4,4,6,5,5,3,2,6,4,2,4,2,3,4,3,2,2,3,4,4
Q8NCA5,2,,,,,,3,,,,,,,,,,,,,2,,,,,,,,,,2,,,,
Q8WX93,3,,2,2,,3,,2,2,,,3,2,2,,5,3,,3,2,2,2,,,,2,2,3,,,,3,,2
O15083,2,,,,,,,,,,,,,,,,,,,,,,,,,,,,,,,,,
Q14624,3,6,5,3,3,5,3,5,4,5,2,7,2,4,,3,6,2,3,4,6,3,5,2,4,5,3,4,7,6,2,3,6,6
P14672,2,,,,,,4,,,,,,,3,,4,,2,,3,,,,,,,,,,2,,,,3
P13637,4,2,,2,3,2,,2,,3,,2,,2,,,,3,,2,,3,,,5,,4,,,,2,,,
O00410,2,,,3,2,,,3,,2,2,,,,2,,,,,2,2,2,3,,3,,,,,2,2,2,4,2
Q92736,11,7,7,14,13,11,19,18,15,21,21,13,19,24,14,11,11,16,6,18,15,21,15,10,9,6,14,17,5,14,16,16,22,10
Q14896,4,13,13,8,11,14,8,9,3,7,10,9,5,17,9,,22,6,20,18,13,8,3,12,4,24,9,7,11,4,5,7,5,13
P29144,2,2,2,,2,,3,,,,,2,,3,,2,,,,2,2,2,,,,,,,,,,,,
Q8IUD2,2,,,,,,,,,,,,,,,,,,,,,,,,,,,,,,,,,
P35749,4,,,13,9,13,5,6,,,7,4,4,15,2,5,,8,,4,,2,,4,14,5,4,13,6,5,3,20,3,
Q9HBL0,3,6,6,3,2,2,6,3,4,2,3,7,3,5,3,3,6,2,5,4,4,3,5,2,3,3,2,3,2,3,2,3,2,3
P01023,3,19,15,5,7,10,3,7,15,7,10,5,10,11,8,2,18,6,18,8,6,9,9,10,9,19,8,12,16,5,6,10,12,16
Q8N4C8,3,3,,4,2,2,2,4,3,2,4,5,2,4,5,,,4,5,4,3,4,4,2,4,,2,4,18,4,2,3,4,3
O94875,3,5,4,9,,,3,2,6,5,5,3,4,5,2,8,11,2,3,5,5,5,2,4,2,,2,2,5,5,4,5,,7
P20810,2,,,,,,,,,,,,,,,,,,,,,,,,,,,,,2,,,,
P11532,7,11,9,12,13,11,13,11,10,14,14,15,13,14,10,10,20,13,9,14,15,14,8,14,10,6,11,6,7,10,7,12,14,9
O75923,4,,,4,,2,,2,,2,3,8,5,,3,3,,5,2,2,6,5,2,,4,,,2,,,6,3,,
P35579,3,,,3,6,3,9,,,,4,,,15,,,,2,,4,2,,,,5,,,,,,2,,,
Q2M3C7,2,,,,,,,,,,,,,,,,2,,,,,,,,,,,,,,,,,
Q01082,5,5,5,10,5,19,12,6,11,15,14,13,9,10,11,6,11,14,7,24,5,17,12,10,7,14,7,8,12,9,9,16,15,8
P07814,2,,,,2,,,4,,3,,,,,3,,,,,,,,,4,2,,,,,,,,,
P0C091,3,2,,,3,,,,,,,,,,,,,,,2,,,,,3,,,,,,,,,
Q8NDH2,2,,,,,,,,,,,,,,,,,,,,,,,,,,,,,,,,,
Q8WZ42,2,7,2,3,6,33,10,18,2,2,14,11,10,23,2,4,38,18,8,20,8,40,8,47,14,8,18,9,29,15,4,58,4,9
O75368,,3,2,3,,3,,,,2,,,,3,,,,3,2,2,,2,,,,7,,2,4,,3,,,
P99999,,6,5,7,6,,5,6,6,,7,4,,4,,5,4,5,4,4,5,6,,5,8,,5,4,3,,,,6,3
P17661,,14,22,6,5,21,4,5,7,12,14,2,14,3,19,,26,21,7,7,8,21,5,13,5,22,16,,27,6,11,11,10,6
P67936,,13,8,18,14,15,13,11,7,12,,15,10,16,10,16,12,11,9,13,,12,10,,14,19,9,15,15,10,14,13,7,13
P15531,,3,,2,,,2,2,3,,,,,4,,2,5,,4,,3,,,,,,,,,5,,2,,2
P13645,,21,11,13,5,3,7,3,5,2,2,8,19,25,3,20,13,8,14,14,5,19,,,4,15,,8,4,,5,3,5,9
Q8WW59,,5,4,,,,3,,,,,2,,3,,5,3,,6,4,3,,,,,3,,,2,4,,,,5
P28074,,7,6,4,,6,3,3,7,5,5,6,4,5,5,5,3,4,5,4,8,5,,5,7,4,6,10,3,,5,5,4,3
P62308,,2,,,,,,,,,,,,2,,,2,,,,,,,,,,,,,,,,,
Q9UHV9,,2,2,2,3,2,3,4,2,3,4,3,3,2,3,,,2,2,2,4,2,,4,3,,2,2,2,,2,5,3,
P06703,,3,,3,,2,,,3,,,,2,3,,2,,2,2,,2,2,2,,2,3,2,,3,,3,3,,3
P62333,,6,4,2,2,3,5,3,4,3,5,2,3,4,4,2,6,2,3,4,4,4,2,2,3,4,5,3,2,5,3,2,5,
Q9NZN3,,12,12,13,7,5,7,,6,5,7,,8,10,8,7,7,10,9,11,12,7,,6,6,5,9,6,8,9,6,12,7,11
P56556,,3,,2,,,,,,,,2,,,,3,4,,3,3,,,3,2,,3,2,,2,4,,,2,4
O00233,,3,2,3,,2,2,,,,,,,2,,3,,2,3,4,2,2,,,,,,3,,,,,,2
P08294,,4,3,4,3,2,,,,2,,2,2,2,,2,4,2,,2,5,2,3,,,6,,5,2,3,2,3,,2
O75340,,3,,,,,,,2,,,2,3,,,,,2,,,,2,,,,,,,,,,2,2,
P22626,,6,6,6,,,6,5,2,6,2,3,4,4,2,6,6,2,8,5,5,3,4,4,3,7,7,6,3,4,3,4,2,10
Q9NR31,,2,,,,,,,3,,,3,,2,,,,,3,,2,,,,,,,,,,,,,
P36405,,3,2,3,,,2,,,,,2,,2,,,2,,3,2,,,2,,,,,,,2,,,,2
O95182,,5,6,3,,,3,,7,,2,3,,3,3,5,4,,4,,3,2,,2,2,2,,4,,3,3,2,,2
P07910,,5,3,2,,,,,,5,,,2,,,,4,,6,,,,,,,4,,3,6,,,,,
Q9NRV9,,2,2,3,,,3,,2,,3,2,2,3,,,2,2,2,,,,,,2,2,,,2,,,2,,2
Q9UKS6,,6,3,5,,4,6,,2,,,2,2,,4,3,4,4,2,2,4,,2,3,4,4,4,5,,,3,2,2,5
P00492,,3,3,3,3,3,3,2,3,3,4,5,2,3,,,,2,3,3,,4,2,3,2,5,2,3,2,4,2,3,2,
P10301,,2,,2,,,,,2,,3,,,,,3,3,,2,3,,,,,,3,,,,,,,,
O75955,,4,,2,,,,,,3,,,4,,,2,3,,,,2,2,,,,,,,3,,5,,,2
Q9Y3D9,,3,4,2,2,,4,2,4,,,3,,2,,2,,2,,2,,,2,2,2,2,,,,3,2,2,2,3
Q15327,,6,8,,,,4,,2,,,,,2,,4,8,,,5,3,3,,,,4,,6,,4,,,,
P26373,,3,,2,,,,,3,,,,,3,,,,,,4,4,,3,,2,,,,,,,,,
P46108,,4,,2,,,2,,,,,,,,,2,2,,,,,,,,,,,,,,,,,3
P10909,,7,5,4,,4,,,3,3,3,3,5,,4,,8,4,5,,,5,,3,3,8,3,3,8,2,3,3,3,6
Q9UJ70,,3,2,2,,,2,2,,,,3,,,,2,3,,4,2,,,,,2,,,,,,,,,
P05198,,3,,3,,,6,,5,,,2,,3,,5,2,,2,5,4,,3,,,,,,,4,,,,4
P07203,,2,,,,,,,,,,,,,,,,,2,,3,,,,,,,,,,,,,2
P54819,,2,2,4,3,,3,4,3,2,3,5,,4,,6,2,4,5,2,2,2,,3,5,2,2,5,,,2,,,4
P02649,,3,6,4,,3,2,,3,3,3,,3,3,3,2,8,,8,4,,2,3,2,,5,,5,2,3,3,,2,3
Q9BUT1,,2,2,2,2,3,2,,2,,,3,2,2,3,,,3,2,2,,,,3,,,2,,,,,2,2,
O15145,,2,,,,,,,,,,2,,,,,2,,3,,,,,,,,,,,,,,,
Q13162,,4,,,3,2,6,2,,2,2,3,2,3,,,,2,6,5,,2,,,4,,2,,2,,2,2,2,3
Q9BVK6,,2,,,3,2,,,,2,,,2,,,2,2,3,3,2,2,,,3,2,,2,3,,,2,2,3,
P28072,,2,,,,3,,,,,,,,3,3,3,2,3,3,3,2,,,3,2,,2,,3,,,2,,
O94903,,2,,2,,,,,,,,3,,,,,,,,,,,,,,,,,,,,,,
Q9UBW8,,2,,,,,2,,,,,,,,,,,,,,,,,,,2,,2,,,,,,
Q15435,,4,4,3,,,2,2,,,,3,,3,2,4,2,3,2,3,3,2,,,2,3,2,2,2,2,2,2,2,4
P30626,,2,,,3,,2,4,,2,,,4,,,2,,2,,,2,2,,2,,,,2,,,,,,
O60749,,4,,,,,,,,,,,,,,,3,,,,,,,,,3,,,,4,,,,
Q00059,,3,,3,3,,2,2,3,3,,3,,3,2,2,,,3,3,3,2,,,,4,2,,3,,,2,2,
Q13838,,4,2,2,,3,4,3,3,5,7,2,5,3,,,2,6,,,,,,2,2,2,4,,4,2,3,3,3,2
O00299,,2,,,,,,,2,,,,,2,,,2,,2,,,,,,2,2,,2,2,,,,,
Q99426,,2,,3,,,3,,2,,,,3,3,,,,2,,,3,2,,2,3,,,,2,,,3,,2
P09104,,10,5,4,2,4,4,,2,,3,2,2,3,,4,5,3,4,4,4,,5,,3,5,2,3,,4,2,,2,3
Q8NFV4,,2,3,2,,,4,,2,3,,,2,,,,,,,3,4,,2,2,,4,,4,,,3,,,5
Q9Y696,,3,2,3,,3,3,2,,2,3,3,,4,,,,3,,2,,3,,,2,,,,3,,3,3,3,2
Q9HB71,,2,,4,,,,3,4,2,2,3,,5,,3,,,,2,2,,,,2,,,2,,,,,,2
P58876,,2,,,,,,2,2,,,,,,,,2,,4,,,,,,,,,,2,2,,,,2
Q15063,,11,13,4,,4,4,,6,5,6,3,5,3,,,12,5,7,3,6,5,7,2,5,5,3,2,7,10,5,7,5,2
Q15006,,3,2,,,,,,,,,,,,,,,,,,2,,,,,3,,,,,,,,
Q9NQR4,,2,6,,2,,4,3,,,2,4,2,5,3,2,2,2,4,3,3,2,,4,3,,2,,2,,2,,2,3
Q9UKU7,,4,2,4,2,4,3,4,5,4,4,4,3,4,4,3,4,3,4,2,2,3,4,4,4,3,4,,4,3,4,3,3,4
Q9BUF5,,3,3,4,3,,3,3,,3,2,4,4,4,,3,4,3,4,3,3,,5,,2,5,2,4,,4,3,3,,3
Q9UBR2,,2,4,3,2,3,,,2,2,2,3,,3,2,,,2,3,2,,,3,,2,,,,2,3,3,2,2,2
Q969G5,,2,2,3,,2,,,,2,2,,2,2,,2,3,,2,2,,3,3,,,7,,4,,,3,2,,
P05546,,7,,,,2,,,3,2,3,,,,,,3,2,,2,,2,3,2,,3,,,7,,,3,2,3
P60891,,3,3,5,,2,,,4,,2,2,,3,,3,2,,2,3,,,,,2,2,3,2,,,,2,2,3
Q9BRF8,,2,,,,2,,,,2,2,,2,,,,2,,4,2,,,,2,,,2,,3,,2,2,,
P34931,,7,,,,,,,,,,4,,,,9,,7,,5,,,,,,,,,,,,,,5
Q9Y512,,4,,2,2,,,5,,,,3,,,,4,5,,,,2,2,3,,,,,,,2,,,4,2
Q9UBQ7,,2,3,3,,,4,,2,,,4,,4,,3,,,4,3,,,,2,,,,,2,,2,,,
Q9HC38,,4,,,,,,,,,3,,2,,,,,,,,,2,,,2,,2,,2,,3,,,
Q96CN7,,4,4,5,,3,4,2,4,,2,3,,6,,4,,,2,4,3,3,,,2,3,4,,3,2,,3,,4
Q9Y371,,3,,2,,2,2,,,,3,2,,,2,,,,,,,,,,,,,,,,2,,2,
P50395,,3,,3,3,4,3,,4,2,4,3,4,3,,2,4,4,4,2,4,3,2,3,4,,3,,3,3,3,3,2,3
Q5T440,,2,,,,,,,,,,2,,,,,4,,,,,,,,,3,,,,,,,,2
Q13347,,2,4,,,,,,2,,,,,,,,,,,,,,,,,,,,,,,,,
O95210,,2,,,,,2,,,2,2,,,,,,,,2,,2,,,,,,,,,2,,2,,2
P09012,,2,,,,,,,,,,,,,,,,,,,,,,,,,,,,,,,,
P33176,,6,4,3,5,3,6,4,,6,2,3,2,6,3,4,5,7,3,7,5,7,2,5,4,4,2,3,4,4,7,3,4,7
P09525,,2,,,,,,,,,,,,,,,2,,3,,,,,,,,,,,,,,,
P23786,,4,8,4,4,3,5,4,6,3,4,5,,3,2,6,5,3,6,6,4,5,5,4,3,3,3,5,,9,2,2,5,5
P30740,,3,,,,,,,,,,,,,,,,,,,,,,,,,,,,,,,,
Q15124,,7,5,5,,5,3,4,4,6,3,8,2,6,4,,6,5,6,,5,3,7,4,5,4,3,4,2,8,5,2,3,
Q9UJS0,,4,,,,2,,,,,,2,,,,,5,4,7,2,,,,,,,,,,,,,,
Q08431,,2,2,,,2,,,,,2,,2,,,,6,2,2,,,,4,,2,4,,,5,2,3,2,2,
P19338,,4,2,4,2,5,,2,6,3,2,,4,3,2,4,3,3,7,2,2,,5,3,,3,4,3,3,2,4,2,5,7
P13796,,4,,2,,,,2,,,,,,3,2,,3,,3,5,,3,,,3,2,2,,6,2,2,,,4
P09960,,4,2,3,2,3,3,2,4,2,2,2,2,4,2,,2,2,,5,,2,3,2,3,2,2,4,2,2,2,2,3,2
O00231,,3,,2,3,2,2,2,3,2,3,,,2,2,3,4,2,3,2,3,3,,,5,,,4,,4,2,3,,3
P43034,,2,2,,,,2,,3,2,,,,2,,,,,,2,,,,,,,,,,,,,,2
P35998,,3,4,3,3,2,3,2,,2,2,2,2,6,2,,5,3,3,,3,2,2,2,,4,,3,3,3,3,2,3,3
P48643,,4,5,6,2,,3,2,2,,,4,2,6,,3,2,,4,3,6,2,,2,3,,2,,,2,,,,3
P38159,,2,,,,,,,,,,,,,,,2,,3,,,,,,,2,3,2,2,,,,,
Q16181,,2,5,3,,3,5,,,2,2,3,,4,,3,3,2,2,2,4,,,,4,,2,3,,,2,3,2,
Q00839,,7,3,3,,,,,,,,,,5,,,2,,4,3,2,2,4,,,,2,3,,2,,2,,3
Q9Y265,,2,2,,3,2,2,2,,2,2,2,,2,2,2,2,2,2,2,3,2,3,2,3,2,,2,,,,4,2,2
P43686,,2,3,3,,,,,2,,,4,2,3,,,,2,,2,2,,,2,2,,,2,,2,,2,,3
P36955,,2,,,,,,,,,2,,,,,,4,,2,,,,,2,2,3,,,,,2,2,2,3
Q8TB37,,3,2,2,,,2,2,,,,2,,2,,2,2,,2,2,3,,,,,3,,2,,,,,,
Q16555,,3,,,,,2,,2,,,,2,,,,2,,2,,3,,2,,2,,,,,3,,,,2
P51648,,2,2,,,,2,,3,2,,,3,,,,3,4,2,,2,3,3,,,,2,,4,6,2,3,5,
Q96HE7,,2,,,,,,,,,,,,,,,,,2,,,,,,,,,,,,,,,
Q9BS26,,2,3,2,,,2,,3,,,,2,2,,2,2,,2,3,,,2,,,,,2,,3,,,,2
P61247,,2,,,,2,,3,3,2,2,,2,,2,,,2,,,2,3,,,2,,3,2,2,,2,2,2,
Q9Y3I0,,2,3,2,2,,2,3,,2,3,,2,2,,,4,2,,2,3,,,,,,2,,,,3,3,,3
P04217,,3,,2,,4,2,,3,3,2,,2,,,,3,3,2,3,2,3,4,2,2,2,,2,2,3,2,2,2,5
Q96KP4,,2,,,,,,,,3,,2,2,,2,,,2,,,6,,2,,,4,,,,3,2,,2,2
O75688,,3,,,,,2,,,,,2,,,,,,,,,,,,,,,,,,,,,,
P11279,,2,,2,2,,,,,,,3,,2,,,,,3,,,,,,,,,,3,,,,,3
O60701,,2,,,,,,,,,,,,,,,,,,,,,,,,2,,2,,,,,,
P51888,,3,,,,,,,,,,,,,,,,,,,,,,,,,,,,,,,,
Q13418,,4,,,,,3,,,2,,2,,2,2,,2,2,2,,3,2,,2,2,3,2,,,,2,3,,
Q9Y277,,2,,,,,,,,,,,,,,2,,,,,,,,,,,,,,,,,,
Q9ULA0,,2,,,,,2,,,,,,,,,,2,,2,,,,,,,,,,,2,,,,
P01008,,3,2,,2,2,,,3,,,,2,,,,5,2,,,6,,,,2,5,2,3,2,,2,,,
O00303,,2,,,,,,,2,,,,,,,,,2,2,,,,,,2,,,,,,,2,,
Q12849,,3,,,,,,,,,,,,,,,,,,,,,,,,,,,,,,,,
O00232,,3,2,2,,,3,,5,2,,3,,,,2,2,,3,4,2,,,,4,,2,,,,,,,3
P48681,,8,8,10,2,9,6,2,5,10,7,5,10,5,5,3,10,9,7,9,4,10,7,6,8,11,7,6,12,8,8,8,4,4
P35052,,2,,4,,3,,,3,2,,2,3,2,2,,2,2,,4,,,,,3,,,,3,,2,2,,4
P02790,,2,,4,,2,,,,,,3,,,,,5,,,3,2,2,3,,2,5,2,2,2,3,,,,
Q13363,,2,2,4,,,2,,,2,,,,,2,2,,,,3,,,,,3,,,,,,,,,4
Q05707,,7,3,3,,5,,,3,3,4,,6,,,,10,4,4,,,5,5,,,3,,3,9,4,5,9,3,
Q14697,,6,4,5,,3,7,3,3,4,,6,,5,,3,7,,4,5,5,,,4,4,3,3,3,,2,,2,,5
Q05682,,4,5,6,,,2,,2,,,3,2,3,,4,5,3,4,4,,2,4,,,2,3,3,4,6,,4,,6
Q13596,,2,,,2,,,,,,,,,,,,,,,,,,,,,,,,,,,,,
Q13492,,2,,,,,,2,,,,,2,,,,,,,3,,,,2,2,,,,2,,,2,,
P51572,,2,2,2,,,,,,,2,2,,,,,3,2,3,,,,,,,,,,,,3,,,
P50993,,7,2,5,2,,2,2,5,2,4,8,,5,4,,,2,,5,,3,,,4,,4,,2,,2,2,2,2
P34897,,3,,,,,,,,2,,,,,,,,,3,,2,,,,,,,,,,3,,,
P00751,,3,,,2,,,,,,,,,,3,,3,2,,,3,2,2,,2,2,4,3,4,4,,2,3,2
P36269,,2,,2,,,2,,,2,,2,2,2,,,3,4,,,,,,,,,,,,2,2,3,,2
P50991,,4,4,5,4,6,7,7,4,5,6,8,2,8,2,3,4,5,,4,7,5,6,5,8,2,3,,3,4,2,5,5,4
P13591,,3,4,5,,,,,,,,,,,,2,,,3,3,,,,,,,,,,,,,,
P12956,,2,,3,4,,2,3,,,3,2,,3,,2,2,2,5,2,2,,,,2,,2,3,2,2,,2,2,3
Q8N1G4,,3,3,5,3,3,6,4,4,6,4,3,5,5,4,4,5,3,2,7,4,4,3,4,4,,4,,,3,5,2,4,5
P17987,,3,4,5,2,,3,3,,,2,7,,4,,3,3,,3,5,2,,,,6,,,4,,,,,2,3
P14314,,4,3,,,,,2,,,,2,,,2,,2,3,3,,,,,2,2,,2,2,,4,,,,2
P16298,,2,,,,,,,,,,,,,,,,,,,,,,,,,,,,,,,,
Q5BKX8,,3,,,,,,,,2,,3,2,,,,,,2,3,5,3,,2,,4,2,,,,,,,3
P52789,,6,,,,,,,,,,,,,,,,,,,,,,,,,,5,,,,,,
Q15691,,2,,2,,,,,,,2,,,3,,,,,2,,2,,,2,2,2,,2,,,,,,
P19823,,4,2,3,3,4,2,,2,3,3,2,5,,5,,3,4,,,,4,2,5,5,4,3,3,8,5,3,4,4,2
P29992,,2,,2,,,2,,3,,,2,,2,,,2,,2,3,,,,,,3,,,,,,,,
Q14195,,2,,,,,2,,3,,,,,,,,2,,2,,,,,,,,,,,,,,,
P10155,,2,,2,,,2,,2,,,2,,2,,,,,2,2,,,,,,2,,2,,,,,,
P05023,,4,,4,3,,,,3,,2,3,3,2,,,2,3,3,4,2,,,,8,,4,3,,2,4,,2,
P13797,,2,,,,3,4,3,,3,2,2,,2,3,,3,3,2,2,,5,2,2,4,,3,,5,3,2,2,3,4
O94826,,2,,3,2,,3,4,,4,,4,,3,,2,3,,4,4,4,,,2,4,3,,2,,,3,,,2
Q9Y623,,7,7,9,24,,12,,7,,,6,,16,,10,6,,7,14,,,,,,,,,,,,,,
O95202,,2,5,7,3,3,5,2,3,5,3,6,2,5,2,3,3,3,3,6,2,3,,3,3,,2,2,3,,3,3,6,4
Q96AC1,,2,,3,3,3,5,2,5,4,5,3,,3,2,2,3,2,3,4,4,2,3,,3,2,2,2,,2,4,3,2,2
Q15582,,3,,,,3,2,,2,,2,2,3,,,,2,,3,,3,,,,,,,2,2,,,2,,3
Q9Y262,,2,,,,,,,,,,,,2,,,,2,,3,,,,,2,,,,,,,,,
P00734,,3,3,,,2,,,,3,,2,,,,,,3,,,,,,,2,,,,4,,2,,,
Q9NTJ5,,2,,5,,,4,,3,,,2,,5,,,2,,2,5,2,,,,,,,2,,,,,,
Q15075,,5,4,5,,4,4,,5,5,4,3,3,3,2,3,,5,7,3,4,4,3,,4,,4,3,3,2,3,7,3,6
P34932,,5,4,6,,4,7,3,5,4,4,6,3,6,4,3,5,5,4,7,3,4,,3,5,5,4,2,4,,4,7,3,3
P00736,,3,,,,,,,,,,,,,,,,,,,,,,,,,,,,,,,,
Q15019,,2,,,,,,,,,,,,,,,,,,,,,,,,,,,,2,,,,3
P00450,,7,4,4,,3,,,5,6,,2,,3,,2,4,2,7,2,4,,2,,3,6,,4,,4,3,,,5
Q5R372,,2,,,,,,,2,,2,,,,,,,,,,,,,,,,,,,,,2,,
Q9NYL2,,3,,3,,,2,,,,,2,,2,,,,,,,3,,,2,3,,,,,,2,,,
O14967,,2,,,,,,,,,,2,,,,,,,,,,,,,2,,,,,,2,,,
Q8N3L3,,2,,,,,,,,,,,,,,,,,,,,,,,,,,,,,,,,
Q9BX66,,3,4,2,,2,,,,2,,,3,,,,4,,,,2,2,,3,,2,2,,,,,,,
P22314,,3,,2,,,,,,,,2,,2,,2,2,,,3,3,,2,,2,2,,2,2,2,,,,
Q14118,,2,,,,,2,,,,,,,3,,,2,,,,2,,,,2,,2,,,,,,,
Q14974,,2,,2,2,3,3,2,2,3,3,5,3,4,3,,2,4,,2,,3,3,3,4,,3,3,,4,4,2,2,3
Q9UBC2,,2,,2,,,2,,2,2,,,3,2,,3,,3,3,2,,,,,2,4,,,,,,,3,2
Q8TB22,,4,,,,,2,,,,,,,,,,,3,,,,,,,,,,,,,,,,
P27816,,8,,,,4,5,,,5,3,5,3,,,,4,5,,,2,2,,2,3,,4,,4,4,3,5,,
O60237,,2,4,2,,,,3,,3,,,2,,2,2,2,3,4,5,2,4,,3,2,,,,2,3,2,,,3
Q9P2B2,,2,,2,,,2,,2,4,,2,,2,,,,5,,,,,,,,,3,,,2,,2,2,
Q9Y4G6,,6,5,7,5,3,5,6,3,7,5,10,4,7,3,3,4,5,6,5,4,,,4,5,3,7,4,4,,3,,7,6
P49588,,2,,,,,,,,2,,,,3,,2,2,,,,,,,,3,,,,,,,,,
Q8NBF2,,2,,4,3,3,,4,3,6,3,5,2,2,4,,,,2,4,,5,,2,6,,3,,,,,,4,
Q08380,,2,3,2,2,2,4,2,8,3,2,5,4,4,,4,10,2,4,2,10,3,3,2,,4,2,2,2,3,4,3,2,5
Q99460,,2,2,2,2,,,,4,2,,4,,2,3,,3,,,2,,2,,3,3,,,3,2,2,,2,,
Q13683,,3,5,,4,4,2,3,,5,4,,3,3,4,3,,2,2,2,4,3,,5,4,3,3,4,2,3,3,5,4,
P54289,,3,,,,2,,2,,3,2,,,3,,,,2,,2,2,2,,,,,,,4,2,2,,,
P21399,,2,4,5,4,4,4,3,,3,2,5,3,6,3,2,2,3,2,3,2,4,,6,5,2,,3,,,,3,2,
Q86UP2,,2,9,4,3,3,6,3,4,5,5,5,3,7,3,7,7,4,3,2,4,5,7,4,5,6,5,5,2,4,3,7,3,2
Q9P2E9,,2,,,,,,,,2,,,,,,3,,,5,3,2,,,,6,5,,,,,,2,,
Q8WWI1,,2,3,,,,,,,3,,,2,3,,,2,,,3,,,2,3,,,2,,3,,,,,
P46940,,2,,4,5,4,2,3,,7,5,2,2,3,,,4,3,,2,2,4,,,7,2,5,,5,,5,4,,3
P22105,,4,,,,,,,,,,,,,,,,,,,,,,,,,,,,,,,,
P12111,,4,5,6,2,4,4,2,,4,4,3,5,7,2,,6,6,6,4,,7,6,3,,5,4,,13,5,5,6,,5
Q702N8,,2,4,2,3,,,3,,,2,3,3,,,4,4,3,6,4,3,4,,2,5,,2,3,3,,2,,,
P39060,,3,4,4,,,3,,3,,,,,4,,,5,,4,2,4,,,,,4,,4,,,2,,,4
Q9C0D4,,2,,,,,2,,3,2,,,3,,,,2,,3,,4,,,,,,,,,,2,,,2
P98160,,3,2,3,,,3,,2,,,3,,3,,,,,4,4,3,2,,,,,,3,,,2,,,2
P13611,,2,3,,,2,,,,,,2,2,,,,,,,,,4,,,,3,,,,,,5,4,
Q14667,,2,,,,,,,,,,3,,,,2,,,,,2,,,,,,,,,,,,,
Q09666,,3,,,,,,,,2,3,,,3,,,4,,,,4,2,,,,,,,,,,3,2,
Q96IX5,,,3,3,3,,,2,2,,3,3,2,2,,,,4,,,2,2,,2,3,,2,3,,,3,,,2
Q9BPX5,,,2,2,,,2,,,2,,2,,,,,,,,,,,,,,,,,,,,,,
O95298,,,3,,,,,,,,,,,,,2,,4,,,,4,,,,,,,,,3,,2,
Q96DB5,,,4,4,3,4,5,4,4,2,,3,5,,4,2,,4,3,2,,4,2,4,5,3,4,5,,,4,,2,3
P60981,,,3,2,,,,,,,,,,3,,,,,,,,,,,,,,,,,,,,
P62280,,,4,,,,,,,,,,4,,,,,,,,,4,,,,,,,,,,2,2,4
Q99417,,,2,,,,,,,,,,,,,,,,,,,,,,,,,,,,,,,
O60220,,,2,,,,,,,,,,,,,,,,,,,,,,,,,,,,,,,
P26447,,,2,2,,2,,,,,,,,3,3,,,,,,,,,,,,,,2,,,2,,
Q9Y3B8,,,3,2,,,,,,,,,,,,,,,3,,2,3,,,,2,,2,,,2,,,2
P55822,,,2,4,2,2,,3,,4,3,4,,2,2,4,3,3,2,3,3,2,,4,2,,2,2,2,2,2,3,,2
Q9BRQ6,,,2,,,,,,,,,,,,,2,,,,,2,,,,,,,,,,,,,2
P62701,,,3,,,,,,,,2,,,,,,,,2,,,,2,3,4,,2,,4,,2,3,,
P25789,,,2,6,2,3,3,3,4,3,2,6,,5,3,2,3,3,3,4,4,2,2,2,3,4,,,,,,2,2,4
Q9NRG7,,,3,2,,,2,,,,,4,,3,,,3,,,4,2,,,,,,,,,,,,,
P27105,,,2,,,,,,,,,,,,,,,,,,4,,,,,,,4,,,,,,
Q9BTZ2,,,2,2,2,3,3,,,2,2,2,2,2,3,2,3,2,,2,,,,2,,2,,2,,,3,,3,
Q9BSH4,,,2,,,,3,,,,,,,2,,,,,2,3,2,,,,,,,,,,,,,
P63098,,,2,,,,4,,,,,,,2,,,3,,,2,,,,,,,,2,,,,,,
P62917,,,2,,,,2,,,,,2,,,,,,,,2,,,,,3,,,,,,,,,
Q9BUB7,,,2,,,,,2,,,,,,,,,,,,,,,,,,,2,,,,,,,
P31150,,,3,4,,,2,,,2,4,3,2,4,2,2,3,3,2,3,3,4,3,2,4,4,2,6,,3,3,3,,3
Q99747,,,2,,,,,,,,,,,,,,,,,,,,,,,3,,,,,,,,
P48444,,,3,4,2,5,,,2,,5,2,5,6,,,2,4,4,3,,,,4,8,,3,,,,3,2,3,2
P49406,,,2,,,,,,,,,,,,,,,,,,,,,,,,,,,,,,,
Q8NBU5,,,2,,,,,,,,,,,,,,,,,,,,,,,,,,,,,,,
Q9Y230,,,4,,2,,,,4,2,2,,,3,2,2,2,,2,,,3,,2,,2,2,3,,,,,,2
Q9NPL8,,,2,,,,,,,,,,,,,,,,,,,,,,,,,,,,,,,
Q96CV9,,,3,,,,3,,,,,,,,,,,,,,,,,,2,,,2,,,,,,
P20073,,,3,,2,2,,4,,2,3,,4,,2,2,2,3,,,,2,,,3,,,,,,,2,,
Q9BYV2,,,3,2,,,3,,2,,2,,,,,2,,3,,,3,,,3,4,,,3,,,,3,3,2
Q8NEF3,,,2,,,,,,,,,,,,,,,,,,,,,,,,,,,,,,,
O00148,,,2,,,3,4,3,,,,2,,3,,,2,,,,,,,2,2,,,,4,2,,,,2
Q14103,,,3,,,,4,3,,3,,,,3,,3,3,2,5,6,,,,,,3,,3,,,,3,,
P02748,,,5,,,2,,2,,2,3,,3,3,,,5,2,4,,2,,3,,2,4,,3,3,2,2,,2,
P43490,,,2,,2,,3,4,,,,,,4,,,,,4,2,3,,,,6,,,,,,2,,,
P25787,,,3,,,,2,,,,,,,,,,,,,,2,,,,,2,,2,,,,,,
O14979,,,3,3,,3,,,,3,,3,3,3,,,3,2,4,4,,5,,2,4,3,,3,2,4,2,3,3,
Q86VF7,,,8,11,3,4,4,9,,4,7,2,6,12,,,10,6,,26,6,8,,7,22,,3,9,2,6,2,5,,
Q99733,,,2,2,,,,,,,,2,,,,2,2,,,3,2,,,,,,,2,,,,,,
P52272,,,3,4,,,3,,2,,,2,,,,2,3,,2,3,,,,,2,,,,,,,,,3
P40123,,,2,,2,,,,,,,2,,2,,2,2,,,3,2,,,,2,,,2,,,,2,,3
Q12765,,,2,,,2,,,,2,,,,,,,,,,2,,2,,,,,,,,,,3,,
P21695,,,3,,2,,,2,,,3,2,,,2,,,,,,,2,,,4,2,,4,3,,3,,,
P78371,,,2,4,3,2,3,7,,2,3,5,,2,2,5,,4,2,,4,2,3,5,,,2,,,2,4,,5,
O60884,,,2,,,,,,,,,,,,,,,3,,,,,,,2,,,,,,,3,,
Q9BYV6,,,2,2,,3,,,2,5,2,,,,3,2,,3,,2,,,,3,,3,3,3,,,5,3,3,
P40227,,,2,5,,3,4,3,,2,3,3,4,4,,3,,3,2,3,3,3,3,2,3,,,,2,2,,,2,3
Q07065,,,2,,3,2,2,2,,4,4,3,2,2,2,,5,2,,3,4,4,,3,5,4,2,2,2,2,3,3,4,2
Q9Y6I3,,,2,,,,,,,,,2,,,,,,,,,3,,,,,3,,,,,,,,
P48147,,,2,3,,,3,,3,2,,5,,3,,,,,,3,,,,,3,3,,3,,,,,,
O60240,,,2,2,3,,,,,,2,3,,,2,,,,,,3,3,,4,,12,3,12,4,4,3,2,,2
P23327,,,2,2,4,,2,6,2,2,2,2,3,3,2,,3,,2,3,3,,,3,2,,3,2,2,3,,,,3
Q969Z0,,,2,,,,,,,,,,,,,,,2,,,,,,,,,,,,,,,,
Q03252,,,2,,,3,,,,4,2,,,,2,,2,,,,,2,,2,4,5,3,2,,,,,3,
Q9NP74,,,2,,,,2,,,,,,,,,,3,,3,,2,,,,,,,2,,,,,,
Q13425,,,2,,,,,,,,,,2,,,,,,,,,,,,,,,,,,,,2,
Q9H987,,,4,3,,3,2,2,,3,3,2,4,,4,,,2,,,,4,,2,,3,2,,3,,3,3,,
P10515,,,2,,2,2,,,,3,2,,,2,,2,3,,3,,2,3,,,2,,2,,,,,,2,
Q92973,,,2,,,,,2,,,2,5,,3,,,2,4,2,3,,,,,3,,,,,,,,,
O14964,,,4,,,,,,,3,2,,2,,,,,2,2,,,,,,,,,,,,,3,,
Q9BZL4,,,4,,,,2,,,,,,,,,2,,2,2,,2,,,,,,,,,,,2,,
Q2M2I8,,,2,,,,,,,,,,,,,,,,,,,,,,,,,,,,,,,
Q8WUF5,,,2,4,,,2,,,,,,,3,,2,,,,4,2,,,,,,,,,,,,,
P10253,,,3,2,,,4,,,2,3,4,,5,2,2,,2,,,,2,,2,2,,,,,,3,2,,
P19022,,,3,,,,3,,,,2,2,,4,,,3,2,,,,2,,,2,,,,,3,2,2,,
Q9NNW7,,,2,,,,,,,,,2,,,,2,,,2,,4,,,,,,,,,,,,,
Q9UDY2,,,2,4,2,5,2,2,2,,,3,,,,,,2,,,,,,2,,,3,,,,,,,4
Q9UMS6,,,2,,,,,,,,,,,,,,,,,,,2,,,,2,,,,,,,,
Q9NYU2,,,2,3,,2,2,,2,2,2,6,2,5,4,,,3,3,,3,,,3,3,,3,2,2,,3,,2,
Q9Y2K3,,,2,4,,,3,,2,,,3,,3,,,,,,3,,,,,,2,,,,3,,,,
P50570,,,2,2,,,4,,2,,,,3,6,,,,2,,2,4,,,3,3,3,,3,,,3,,2,
Q58EX2,,,2,,,,,,,,,,,,,,,,,,,,,,,,,,2,,,,,
Q12955,,,4,9,2,,2,3,5,6,3,6,2,5,,5,2,2,,4,4,4,2,4,5,,4,3,2,,4,,2,5
Q13439,,,2,,,,,,,3,,,,,,,,,,,,,,,,,2,,2,,,3,,
P24043,,,2,5,,,2,,,,,3,3,10,,3,,,2,,3,,,,2,,,2,,,,,,
Q6ZNJ1,,,6,,,,,,3,,,3,,,,,,,8,,,,,,,,,,,5,,,,
Q01484,,,2,,,,,,2,,,4,,,,3,,,,4,,,,,,,,2,,,,,,
Q15149,,,2,,,3,,,,4,,,,,,,3,3,,3,,7,,,2,3,,,8,,,2,,
P06454,,,,2,,,,,,2,2,,,,,3,,2,,,2,,3,,2,,,,,,,,,
P24844,,,,5,,6,4,2,,,,,,5,,,,4,,2,,3,,,,,2,3,4,,4,5,3,
O75348,,,,3,,,,,,,,,,,,,,,,,,,,,,,,,,,,,,
Q9Y2Q5,,,,2,,,2,,2,,,,,,,,,,,,,,,3,,,,,,,,,,
Q99471,,,,2,,,3,,,,,,,4,,,,,,,,,,,,,,,,,,,,
P62269,,,,2,3,2,,3,,3,2,2,2,2,2,,,3,,2,,2,,3,,,4,2,2,,3,3,3,
P83731,,,,2,,,2,,,2,2,,,,,2,,2,2,2,,,,,2,,2,,2,,2,2,,
Q9BWH2,,,,3,,3,,,2,,,,,,,,,,,,,,,,,,3,,,,,,,
Q99653,,,,3,,,2,,2,,,2,,4,,2,3,,3,,3,,,,,2,,3,,,,,,
P60660,,,,4,,2,2,,,,2,2,,,,,,,,,,,,,,,,,,,,2,,
P18124,,,,3,,3,,,,3,3,,,2,,3,2,3,2,4,,3,,4,4,,,2,,3,3,,4,
P40429,,,,2,,,,,,,,2,,2,,,,,,,,,,,2,,,,,,,,,
Q9Y2Q9,,,,3,,,,,,,,2,2,,2,,,,,,3,,2,2,,2,4,2,,2,2,,,
O43678,,,,3,,,,,3,,,3,,,,3,3,,3,,2,,,,,,,2,,,,,,2
P61086,,,,2,2,,,,,2,,2,,,,,,,,,,,,,,,,,2,,,2,,
Q8N0X4,,,,3,,,4,4,,,,2,,2,,,,,,2,,,,,,,,2,,,,,,2
Q86YM7,,,,3,,,,,,,,,2,3,,,,2,,3,4,,,,2,,3,,,,,,,3
P02741,,,,4,,,,,,,,,,4,,3,,,7,2,3,,,,3,2,,6,,,,,,
Q96E11,,,,2,,,,,,,,,,4,,,,2,,,,,,,,,,,,,,,,
P61769,,,,2,,2,,,,,,2,,2,,,,2,3,,3,,,,,,,,,2,,,,2
P13693,,,,2,,,,,,,,2,,,,,,,,,,,,,,,,,,,,,,
Q9Y6N5,,,,5,,,,,,2,,2,,,,,2,,2,3,2,,,,,2,,3,,,2,,,
P20618,,,,2,,,,,,,,,,2,,,,,,,,,,,,,,,,,,,,
Q9UNM6,,,,3,2,3,2,2,,3,2,4,2,3,,,,2,,4,2,,2,3,3,,3,,3,,2,3,2,
Q9UQ80,,,,3,2,2,,,,,2,2,,,2,,,,,,,,2,,3,,,,,2,,2,,
Q16762,,,,2,,,,,2,,,4,,,3,,2,2,3,,2,,,,2,2,,,,2,,,,
P51911,,,,2,2,4,,,,,3,,3,,2,,,2,,3,,2,,,3,5,,6,6,,2,6,,
P68036,,,,2,,,3,,2,2,2,4,2,2,,2,,,3,,,,,,,,,,,,3,,,3
P16152,,,,2,,,2,,2,,,,,,,3,,,3,,2,,,,,3,,,,2,,,,3
P06730,,,,2,,,,,,,,2,,,,,,,,,,,,,,,,,,,,,,
Q14123,,,,5,2,2,3,,,,,3,2,3,,,2,2,,3,,,,2,,,,,,,2,2,,
P50454,,,,2,,,,,,,,,,3,,,,,2,3,,,,,3,,,3,,2,,,,
P30533,,,,2,,,,,,,,,,,,,,,,,2,,,,,,,,,,,,,2
O95861,,,,2,,,,,,,,,,,3,2,,,,,,,,,,2,,,,,,,,
P35813,,,,3,,,,,,,,2,,,,,,,,,,2,,,,2,,3,,,,3,,
O15144,,,,2,,,,,,4,2,4,,,,,,5,2,,2,3,,,3,3,,4,3,,,4,,
Q9UNP9,,,,2,,,,,,,,,,,,,,,,,,,,,,,,,,,,,,
P62195,,,,2,2,3,2,4,,3,2,4,4,2,2,3,,3,3,2,3,2,3,4,,2,2,4,3,,,4,2,2
P55036,,,,3,,,2,,3,,,,2,2,3,,2,,,,2,,,,3,3,2,,,,,2,2,
P30519,,,,2,,,,,,,,,,,,,,,,,,,,,,,,,,,,,,
P05787,,,,4,,2,3,,,,,,,,,,6,,3,,3,7,,,,7,,,,,2,,,
Q8IWW8,,,,2,,,,,,2,,,,,,,,,,2,,2,,2,3,,,,,,2,,,
P17612,,,,2,2,,2,,,,,2,,3,2,,2,,,2,,,2,,,,,,,2,,,,
P22694,,,,2,2,,2,,,2,,2,,3,2,,2,,,2,,,2,,,,,,,2,,,,
Q9BV79,,,,3,,,3,,2,,,2,,2,,,,2,,,,,,2,,,,,,,,,,
Q9BW91,,,,2,,,,,,,,2,,,,,,,,,3,,,,2,,,,,,2,,,
Q9Y376,,,,2,,,,,,,,2,,2,,,,,,2,,,,,,,,,,,,2,,
Q7L0Y3,,,,2,,,4,,,,,,,3,,3,,,,2,,,,,,,,,,,,,,
Q92901,,,,2,,,,,,2,2,3,,,,,,,,,,,,,,,,,,,,,,
P36507,,,,2,,,5,,,,,,,2,,,,,,,,,,,2,,,,,,,,,
P05455,,,,2,3,2,2,3,2,2,,,2,3,,,,2,,2,,2,,,2,,,2,,,,2,2,
P63092,,,,2,2,,4,,,,3,4,2,,,,,2,,2,,,,2,2,,2,,,2,3,,2,
Q5JWF2,,,,2,2,,4,,,,3,4,2,,,,,2,,2,,,,2,2,,2,,,2,3,,2,
Q9H2U2,,,,2,2,2,2,,,2,2,2,2,,,2,,2,,,,2,,,3,,2,,3,,3,2,2,
Q9NZA1,,,,3,,2,,2,4,3,3,,2,,,,,2,,,,2,,,3,,4,,2,,3,2,3,
Q8N8N7,,,,2,,2,,,,3,,,,3,,3,,,2,2,2,,,,3,,,,,,,3,,3
P54725,,,,2,,,,,,,,,,,,,,,,,,,,,,,,,,,,,,
P54727,,,,2,,,,,,,,,,,,,2,,,,,,,,,2,,,,,,,,
Q8TCS8,,,,3,,,2,,2,,,,,2,,,2,,,,,,,,,,,,,,,,,2
P12694,,,,5,,3,,,,,,,,4,,,,4,,,,,,5,4,3,,2,,,3,,3,
P50579,,,,2,,,,,,,,,,,,,,,,,,,,,,,,,,,,,,
Q9P0V9,,,,2,,,,,,,,,,,,2,,,,,2,,,,,2,,3,,,,,,
Q02750,,,,2,2,,,,,,,2,,2,,,,2,,,,,,,2,,,,,,,,,
P30837,,,,3,,,2,,,3,,2,,,,,,4,,2,2,2,,,,2,,,,2,3,,,
P61978,,,,2,,,,,4,,,2,2,2,2,,2,,,,,,,,2,,,,,,2,,2,
P17858,,,,3,,,5,,,,,,,,,,,,,3,,,,,,,,,3,,,,,
P80404,,,,4,,4,3,2,2,4,3,3,7,,5,,5,5,2,4,7,4,,5,2,6,,4,3,,7,4,4,
O43852,,,,2,,,2,,2,,2,,,,,,,3,,,,,,3,,2,,,,,2,,,2
Q96CW1,,,,2,,,,,,,,,,3,,,,,,,,,,,,,,,,,,,,
Q9H9L3,,,,2,,,,,,,,2,,2,,,,,,3,,,,,,2,,,,2,,,,
Q8IXI1,,,,2,,2,,,,,,,,,2,,,,,2,,,,,,,,,,,,,,
Q9NVH6,,,,2,,,,2,,2,2,,,,,,,,,,,3,,,,,,2,,2,,,,2
P13798,,,,2,2,3,,3,,,2,3,2,4,,,,2,,,5,,2,2,2,2,2,3,2,3,2,,2,2
Q9UPQ0,,,,3,,,,,,,2,,,,,,,,,,,2,,,,,2,,,,,2,,
Q16881,,,,3,,,,,,,,,,,,2,,,2,,,,,,,,,,,,,,,2
O95834,,,,2,2,,2,,,2,2,3,,3,2,,2,3,,3,,2,,,3,,,,,,2,,,
P11940,,,,2,,,,,,2,,,,,,,2,2,2,,,2,,,2,,,7,,,2,,,
Q5C9Z4,,,,2,,,,,,,,,,,,,,,,,,,,,,,,,,,,,,
P17655,,,,2,2,2,,,,2,,,,,,,2,,,2,,,,,3,,2,,,3,2,3,,
Q68DU8,,,,2,,,2,,,,,,,,,,,,,,,,,,,,,,,,,,,
Q96CX2,,,,2,,,2,,,,,2,,3,,,2,,,,,,2,,,2,,2,2,,,,,
Q9UHD8,,,,2,,,2,,2,,,2,,3,,,,,,2,,,3,,3,,,,,2,,,,2
Q13148,,,,2,,,,4,,,,3,,2,,,,2,,,,,,,2,,2,,,,,,,
Q92598,,,,2,,2,2,,,,,,,4,,,,,,2,,,,,,,,,,,2,,,
O00423,,,,2,3,,,,,,,,,,,,,,,,2,,,,,,,,,,,,,
Q13617,,,,2,,2,,,,,,,,,,,,,,,,,,,,,,,,,,,,
Q9NUT2,,,,2,3,,,,,5,,2,,,,,,,,2,,,,,,,3,,,,,,3,
Q9NYF0,,,,2,,,,,,,,,,,,,,,,,,,,,,,,,,,,,,
P55209,,,,2,,,,,,,,,,,,2,,,,,2,,,,,,,2,,,,,,
O75439,,,,2,3,3,2,2,3,2,,3,,,,2,,2,,3,3,4,,2,3,,,,2,3,3,3,2,3
P63010,,,,2,,,,2,2,,,2,,,,3,,,,3,2,,2,,2,,,,,,,,,
Q10567,,,,2,,,,,2,,,2,,,,3,,,,,,,,,,,,,,,,,,
P23634,,,,3,,2,,,,3,4,,,,,,,,,4,2,3,,,,2,,,,,,4,,
O14841,,,,2,,,2,,,,,,,5,,,,,,2,2,,,,3,,,2,,,2,,,
Q86TC9,,,,2,,2,,,,,,2,2,,,,,,,,,,,4,3,,2,,,,,,2,
Q5VYK3,,,,2,,,,,,,,,,,,,,,,,,,,,,,,,,,,,,
Q99996,,,,2,,,,,,,,,,,,,,,,,,,,,,,,,,,,,,
Q9P2D7,,,,2,,,,,,,,,,3,,,,,,,,,,,,,,,,,,,,
P49789,,,,,4,,,3,,3,,,3,,3,,,5,,,,,,,2,,,,,,2,,,
Q96FQ6,,,,,2,,,3,,,,,,,,2,,,2,,,,,2,2,,,,,4,,2,,
P14621,,,,,2,4,,,,,3,,4,2,2,4,3,3,3,,,3,,4,2,,2,2,,3,2,2,3,2
Q15370,,,,,3,2,,2,,2,2,,,,2,,,4,,,2,2,3,2,2,2,3,,2,2,5,,2,
P12829,,,,,3,,,,,,,,,,,,,,3,,,,,,,3,,,,,,,,
Q9BRX8,,,,,4,,2,2,,,,,,2,,,,,2,,2,,2,,,2,,2,,2,,,,
Q8WUD1,,,,,2,,,,,,,,,,3,,,,,,,2,,,,,,,,,,,,
Q15631,,,,,3,4,,2,,3,6,,2,,,,2,4,,,,3,,2,4,,4,,,,,4,5,
P23919,,,,,3,,,,,,,,2,,2,,,2,,,,,,2,,,,,,,,,2,
P28289,,,,,3,3,2,,,,3,,7,6,,,,2,,,5,,,,2,,,,,,2,,,
Q9UL25,,,,,2,2,2,4,2,4,4,3,2,,3,,2,3,,2,2,4,,2,3,,2,2,,,4,2,4,
Q15369,,,,,2,,3,,,,,,,,,,,,,,,,,,,,,,,,,,,2
Q9NTX5,,,,,2,,,,,,3,2,,,2,2,,2,,,,,,,,2,,,,,,,,
Q96MF6,,,,,2,,3,,,2,,,,,,,,2,,2,2,,,,3,,,,,,,,,2
Q9NVS9,,,,,2,,,2,,,2,,2,,,,,,,,,2,,,3,,2,,,,2,,,
Q9NXA8,,,,,2,2,,2,,2,,,,2,,2,,2,,,,,,,,,,,,,2,,2,
Q8NC51,,,,,2,,,,,2,,,,,,,,3,,,,,,,2,,,,,,2,,,
Q9NTG7,,,,,2,,,2,,2,4,,,,,,,,2,,,,,,2,3,,,,,,,,
Q9Y5X3,,,,,3,3,,3,,4,3,,2,,,,,2,,,,2,,,2,,2,3,,,3,2,3,
P61160,,,,,2,,,,,,,,,,,,,,,,,,,,2,,,,,,,2,,
P54578,,,,,2,,2,,,2,,,,,,2,,,,,,,,,,,,4,,,,,,2
P48163,,,,,3,,,,,,,,,,,,,,,,,,,,2,,,,,,,,,
Q9P1U1,,,,,2,,,,,,,,,,3,,,,,,,,,2,,,,,,,,,,
Q92905,,,,,2,3,2,3,,4,3,2,2,,,2,,3,2,,2,2,,3,3,2,,3,3,,2,2,2,
Q6PIU2,,,,,2,2,5,2,,2,,6,,5,2,,,2,,,2,,,2,3,,3,2,,,,4,2,3
P50336,,,,,2,,,,,2,,,,,,,,2,,3,,,,,2,,,,,,3,2,,
O95822,,,,,2,2,,5,,,,3,,3,2,,2,,,,,,,3,,,,,,,,,2,
Q9Y6E2,,,,,2,2,,,2,2,2,3,2,2,2,,2,3,2,,,,,,,,2,3,,2,2,2,2,
O94788,,,,,2,,,,,,,,2,,,,,2,,,,,,2,,,,,,,,,,
Q86TP1,,,,,2,,,,,,,,,,,,,,,,2,,,,,,,,,,,,,
Q16576,,,,,2,,,,,,,2,,,,2,2,,2,2,,,,,2,,,,,,,3,,
Q15070,,,,,2,,,,,,,,,,,,,,,,,,,,,,,,,,2,,,
P39656,,,,,2,2,2,3,,3,2,,3,,2,,2,5,,2,2,2,,,3,,3,2,2,,,3,3,2
P48637,,,,,2,,,,,,3,,,,2,,,,2,,,2,,,2,3,,2,3,,2,,,
Q13057,,,,,2,,,,,,,,,,,,,3,,,,2,,,2,,,,,,,,3,
Q8IXI2,,,,,2,2,,,,4,2,,,,2,,,2,,,,3,,,2,,2,,,,,2,,
Q08043,,,,,4,5,,7,,,5,,,,,,,,,,,6,,,4,,,,9,,8,7,3,
P04844,,,,,2,,,,,,,2,,,3,,,2,,,,,,2,,,,,,,,,,
A1L0T0,,,,,2,4,,2,,4,4,,3,,4,,,5,,,,4,,,3,,,,,,4,3,3,
Q5JRX3,,,,,3,3,,,,2,,,2,,3,,,2,,,2,6,,,,2,,2,3,,2,3,2,
P55884,,,,,2,,,,,,3,,,,,,,2,,,,2,,3,2,,,,2,,,3,2,
Q9UIQ6,,,,,4,,,,,2,,2,2,,,,,2,,5,,,,,,,,,,,4,,2,2
Q13554,,,,,2,,,3,,2,,2,,,,,,2,,,,,,3,,,,,,,3,3,,
Q13557,,,,,2,3,,4,,2,5,3,4,,2,,3,2,,,,2,,3,3,,,,2,,3,5,,
Q93034,,,,,2,,,,,,,,,,,,,2,,,,,,,2,,2,,,,,,,
P26639,,,,,2,,2,2,,,,,,2,3,,,2,,,,2,,2,,,,,,,,2,,
P34949,,,,,2,,,2,,,,,,3,,2,,,2,2,,,,,2,,,,,,,,,
Q9Y678,,,,,2,3,,2,,3,2,,2,,,,,3,,2,,3,2,2,5,,2,,2,,4,2,2,
P10643,,,,,2,2,,,,3,,,,,,,4,,,,,,4,,,4,,,2,,2,2,,
Q9NVE7,,,,,2,,3,3,2,,3,3,,4,,3,,2,,2,2,,,,,,2,,,,2,,2,2
Q8NE71,,,,,2,3,,,,2,,,,,,,,2,,2,,2,,2,2,,,2,3,,3,,,
O43491,,,,,3,,,,,,,,,,,,,4,,,,2,,,,2,2,,,,3,3,,
O94973,,,,,2,,,2,,,2,,,,,,,,,,,,,,2,2,,,,,,,,
O95782,,,,,2,,2,2,,4,2,3,,,,,,2,,2,,,,,2,2,,,,,,3,,
P53621,,,,,2,3,2,,,,2,2,2,,,,,3,,3,3,,,,3,,,,2,,3,3,5,
Q92878,,,,,2,,,,,,2,,,,,,2,2,,,,2,,,,3,3,,,,3,2,2,
O75369,,,,,6,6,7,7,,,,,,8,,,,,10,14,11,7,4,6,9,8,,9,,,,,6,
Q9UKL3,,,,,3,,,,,,,,,,,,,,,,,,,,,,,,,,,,,
P78527,,,,,2,2,,4,,5,3,,2,,,,,3,,,,,,2,3,2,,,,,,4,2,
Q9NZJ4,,,,,4,,,3,,,,,,,,,,3,,,,2,,,3,,,,,,,,,
Q8TDW7,,,,,2,,,,,,,,,,,,,,,,,,,,,,,,,,,,,
Q15847,,,,,,4,,2,,3,3,4,,,,2,2,,,2,,5,,,2,2,,,,,,,,
Q8WVP5,,,,,,3,,,,,,,,,,,,,,,,,,,,,,,,,,,,
P62491,,,,,,2,,4,,3,3,,2,,3,,,2,,,,3,,5,3,,5,,2,,2,3,2,
Q9UII2,,,,,,3,,2,,3,2,,,3,,,,,,,,,,,2,3,,,,,3,,2,
P02753,,,,,,3,,,3,3,2,,,,,,3,2,,,,3,,,,4,2,,3,,3,3,,
Q9H8M1,,,,,,3,,,,,,,,,,,,,,,,3,2,,3,,,,,,,2,2,2
P14678,,,,,,2,,,,2,,,,,,,,2,,,,,,2,,,,,,,,2,,
P28066,,,,,,3,,,,,,,,,,,,,,,,,,,,,,,3,4,,,4,
Q01105,,,,,,2,,2,,,2,,,,,,,,,,,,3,,,,,,,2,,,,
P51665,,,,,,2,,,,2,,2,,,,,3,3,,,,,2,2,,3,,2,,2,3,,,
O95865,,,,,,2,,,,,3,,,,,,,,,,3,,,,,,,,2,,,3,,
Q16595,,,,,,2,,2,,2,2,,3,,,2,,,,,,2,,3,,,,,,,2,,,
P47756,,,,,,3,,,,,,,2,,,,,4,,,,,,,2,,,,,,,,,
P36959,,,,,,2,,,,,,,,,,,,,,,,,,,,,,,,,,,,
P02760,,,,,,3,,,,,,,,,3,,,,2,,3,,,,2,5,3,,4,,3,3,,
P62424,,,,,,2,,,,,,,3,,3,,,2,2,,,,2,3,3,,3,2,2,2,,,4,
Q13825,,,,,,2,,3,3,,2,4,,3,,3,,2,3,,3,,,,,,,,,,,,,2
Q15119,,,,,,2,,3,3,4,3,2,,,,3,,,,,,,,,,,,,,3,,,3,
Q9HAT2,,,,,,2,,,,,,,,,,,,,,,,,,,,,,,2,,2,,,
P07099,,,,,,2,,,,,,,,,,,,,,,,,,,,,,,,,,,,
Q9H5N1,,,,,,2,,,,,,,,,,,,,,,,,,,,,,,,,,,,
Q6ZVM7,,,,,,3,,,,3,,,,,,2,,,,,2,,,,,,,2,,,2,2,,
Q96AN5,,,,,,2,,,,3,,2,2,,,,,4,2,,,,,,,,,,,,2,,3,3
P00966,,,,,,2,,,,,,,,,,,,,,,,,,,,,2,,,,,,2,
Q92747,,,,,,3,,,,,,,,,,,,2,,,,,,,3,,,,,,,,,
P36578,,,,,,3,,2,2,4,2,,2,,2,,,2,,,,2,,2,2,,,,4,,3,3,3,
O60506,,,,,,2,2,,,4,3,,2,,,,,3,,,,,,,,,,2,,,3,3,3,
P61764,,,,,,2,,,,,,,,,,,,3,,,,,,,,,,,,,,3,,
O43390,,,,,,3,,,,,,,2,,,,,2,,,,,,,,3,,4,,,,,3,
P05156,,,,,,2,,,,2,,,,,,,,,,,,,,,,2,,,,,,,3,2
Q8N3X6,,,,,,2,,,,,,,,,,,,,,,,,,,,,,,,,,,,
Q13098,,,,,,2,2,,,,,,,,,,2,,,,,3,,,,,,,,,,,,
P04899,,,,,,2,,2,,,,2,,3,,3,,2,3,3,,3,,2,4,,4,,,3,2,2,2,
P63096,,,,,,2,,,,,,2,,3,,3,,2,3,3,,,,2,,,,,,3,2,2,2,
P09471,,,,,,2,,,,,,2,,3,,3,,2,3,3,,,,2,,,,,,3,2,2,2,
P08754,,,,,,2,,,,,,2,,3,,3,,2,3,3,,,,2,,,,,,3,2,2,2,
Q96MM6,,,,,,2,,,,,,,,,,,,,,,,,,,2,,,,,,,,,
Q13263,,,,,,2,,,,,,,,,,,3,,,,,,,,,,,,,,,,,
Q5VTT5,,,,,,3,,2,,2,,,2,,,,,2,,,2,8,,3,,,2,,3,,,2,,
P53985,,,,,,2,,,,,,,2,,2,,,2,,,5,2,,2,,,,2,2,,,2,2,
O95197,,,,,,2,,,,2,,,,,,,,3,,,3,2,,,,,,,,,,,2,
O14980,,,,,,2,3,3,,3,4,,2,,,,,,,2,,2,,,2,,,,,,3,2,2,
Q9P2J5,,,,,,2,,2,,2,,2,2,,,,,2,,,,2,3,2,2,,,2,,,,,2,
Q9NQC3,,,,,,2,,,,2,,,,,,,2,2,,,,,2,2,4,2,,,2,3,4,,,2
Q6WKZ4,,,,,,2,,,,,,,,,,,,,,,,,,,,,,,,,,,,
Q5JR59,,,,,,2,,3,,,,,,,,,,,,,,,,,,,,,,,,,,
P20020,,,,,,2,,,,,,,,,,,,,,,,,,,,,,,,,,,,
Q16720,,,,,,2,,,,,,,,,,,,,,2,,,,,,,,,,,,,,
Q01814,,,,,,2,,,,,,,,,,,,,,,,,,,,,,,,,,,,
O95425,,,,,,3,,,,2,2,,3,,,,2,,,,2,4,2,2,,,,,,,,3,2,
P46821,,,,,,3,,3,,,,,,,,,,2,2,,3,2,,,,4,,,4,,,4,,
P11388,,,,,,2,,,,,,,,,,,,,,,,,,,,,,,2,,,,,
Q7Z6B7,,,,,,2,,,,,,,,,,,,,,,,,,,,,,,,,,,,
P32418,,,,,,2,,,,2,,,,,,,,,,,,,,,,,,,,,2,,,
O75179,,,,,,3,2,2,,,2,,3,,,,,2,,,,,,2,,,,,,,2,2,,
P46939,,,,,,2,,,,2,,,3,,2,,,4,,,,3,,,2,,4,,,,,4,3,
Q5VST9,,,,,,2,,,2,3,2,4,,2,2,,,,,2,,2,,2,,4,3,,,,,3,,
Q13232,,,,,,,2,,,,,,,2,,,,,,,,,,,,,,,,,,,,
Q96GC5,,,,,,,2,,,,,,,,,,,,,,2,,,,,,,,,,,,,
Q12988,,,,,,,2,,,,,,,,,,,,,,,,,,,,,,,,,,,
Q9NP72,,,,,,,2,,,,,,,,,,,,,,,,,,,,,,,,,,,
P68104,,,,,,,11,6,,,,10,6,,,,11,9,,,,,8,,11,,7,,7,9,10,8,9,
Q96IU4,,,,,,,2,,2,,,,,,,,3,,,,,,,,,4,,,,3,,,,
P16083,,,,,,,3,,,,,,2,,2,2,2,2,3,2,3,,2,2,,2,4,2,,,2,,,
O75832,,,,,,,2,,,,,,,,,,,,,,,,,,,,,2,,,,,,
O75380,,,,,,,2,,,,,,,2,,2,2,,,,,,,,,,,,,,,,,
P62241,,,,,,,2,,,,,,,,,,,,,2,,,,,,,,,,4,,,,2
P30405,,,,,,,2,,,2,2,,,,,3,2,,,2,2,3,3,,,3,,,,5,,,,
P14550,,,,,,,3,,,,,,,4,,4,,,,,2,,,,,2,,2,,,,,,
P46926,,,,,,,3,,,,,2,,2,,,,,,2,,,,,,,,,,2,,,,
Q9Y639,,,,,,,2,,2,,,,,,,,,,,2,,,,,,,,,,,,,,
Q14141,,,,,,,2,,,,,,,2,,,,,,3,,,,,,2,,,,,,,,
Q9NVA2,,,,,,,2,,,,,,,2,,,3,,,,,2,,,,2,,,2,,,,,
Q92629,,,,,,,2,,,,,,,2,,,,,,2,2,,,,,,,,,,,,,
P54136,,,,,,,3,,2,3,,,2,2,3,,2,3,,4,3,,,,,2,,2,,2,3,,3,2
Q13619,,,,,,,2,,2,,,2,,3,,,,,,2,4,,,,,,2,,2,,,2,,
Q13620,,,,,,,2,,2,,,,,,,,,,,2,4,,,,,,,,,,,,,
P05556,,,,,,,2,3,2,,,3,,,,,4,2,2,3,,2,3,3,5,2,,,3,,2,3,3,2
Q13451,,,,,,,2,,,,,,,3,,,,,2,2,,,,,3,,,,,,,,,
Q86UT6,,,,,,,3,3,2,,,3,,,,,,,,,,,,,,,,,,,,,,
P41252,,,,,,,2,,,,,2,,,,,2,,,,,,,,,,,,,,,,,
O75153,,,,,,,2,,,,,2,,,,,,,,,2,,,,,,2,,,,,,,2
Q8IWJ2,,,,,,,2,,,,,,,,,,,,,,,,,,,,,,,,,,,
O95347,,,,,,,2,,,,,,,,,,,,,,2,,,,,,,,,,,,,
P30273,,,,,,,,2,,,,,,,,,,,,,,,,,,,,,,,,,,
P61604,,,,,,,,6,,,,,,,,8,,,9,,11,,,,,6,,11,,4,,,,6
P62851,,,,,,,,2,,2,,,,,,,,,2,2,2,,2,,2,,,,,,,,2,
P59998,,,,,,,,2,,,,,,,,,,,,,,,,,,,,,,,,,,
P61106,,,,,,,,3,,3,2,,,,,,,,,,,,,2,3,,,,,,2,2,,
P46781,,,,,,,,2,,2,2,,,2,,,,,,2,,,,,,,,,2,2,,2,,2
Q03135,,,,,,,,2,,,,,,,,,,,,,,2,,,,,2,2,,,,,,
P02794,,,,,,,,2,,,,,,,,,,,2,,,,,,2,,,,,,,2,,
Q02543,,,,,,,,2,,,,,,,,,,,,,,,,,,,,,,,,,,
P27635,,,,,,,,2,,5,2,,,,,,,3,,,,2,,,3,,,,3,,3,3,,
P62081,,,,,,,,2,,2,,,,,,,2,2,,,,2,2,,2,,,,,,2,,,
Q5VWZ2,,,,,,,,4,,,4,2,,,,,,,,,,,,,,,,,,,,,,
P62993,,,,,,,,2,,,2,,,,2,,,2,,,,,,,2,,,,,,,,,
P04179,,,,,,,,3,,2,,,,,,,,,,,3,,,,,,,,,,,,,
Q6IQ22,,,,,,,,2,,2,,,,,2,,,2,,,,,,,,,3,,,,,2,,
P09417,,,,,,,,2,,2,,,,,,,,,,,,,,,,,2,,,,,,,
Q99436,,,,,,,,2,,,2,,,,2,,,,,,,,,,4,,,,,,,2,,
Q9Y266,,,,,,,,2,,,2,,,,,,,3,,,,,,,3,,3,,,,3,,,
Q15008,,,,,,,,2,,,,3,,,,,,,,,,,,,2,,,,,,,2,,
P22352,,,,,,,,2,,,,,,,,,,,,,,,,,,,,,,,,,,
Q8WW22,,,,,,,,2,,,3,,,,,,,,,,,,,,2,,,,,,,2,,
Q9NZL4,,,,,,,,2,,,,,,,,,,,,,,,,,,,,,,,,,,
Q8IW45,,,,,,,,3,,,,2,,,,,,,,,,,,,,,,,,,,,,
Q16543,,,,,,,,2,,,,,,2,,,,,,,,,,2,,,,,,,,,,
Q9UKP3,,,,,,,,2,,,,,,,,,,,,,,,,,,,,,,,,,,
Q99816,,,,,,,,2,,2,2,,2,,,,,,,,,,,2,,,,,,,2,,,
Q16654,,,,,,,,2,,,,,,,,,,,,,,,,,2,,,,,,,,,
Q9NPH2,,,,,,,,2,,,,,,,,,,,,,,2,,,,2,2,,,,,3,,2
Q9NVD7,,,,,,,,2,,,,,,,,,,,,,,,,,,,,,,,,,,
O60669,,,,,,,,2,,2,3,,,,,,,,,,,,,,,,,,,,2,,,
P12757,,,,,,,,2,,,,,,,,,,,,,,,,,,,,,,,,,,
Q9BYV7,,,,,,,,2,,,,,,,,,,,,,,,,,,,,,,,,,,
Q15833,,,,,,,,2,,,,,,,,,,,,,,,,,,,,,,,,,,
P17813,,,,,,,,2,,,2,,,2,,,,,,,,,,,2,,,,,,,,,
Q05086,,,,,,,,2,,,,2,2,,,,,,,3,,,2,,,,,,,,,2,,
Q9UBK2,,,,,,,,2,,,,,,,,,,,,,,,,,,,,,,,,,,
Q9NRX5,,,,,,,,2,,,,,,,,,,,,,,,,,,,,,,,2,,,
Q92499,,,,,,,,2,,,,,,,,,,,,,,,,,,,,,,,4,,,
Q9UDT6,,,,,,,,2,,,,,,,,,,,,,,,,,,,,,,,,,,
Q7KZF4,,,,,,,,2,,,,,2,2,,,,,,,,,,2,2,,,2,,,2,,,
P02786,,,,,,,,2,,2,3,,,,,,,,,,,,,,,,,,,,,2,,
A5PLK6,,,,,,,,2,,,,,,,,,,,,,,,,,,,,,,,,,,
P30876,,,,,,,,2,,,,,,,,,,,,,,,,,,,,,,,,,,
Q9BSJ8,,,,,,,,2,,,,,,,,,,,,,,,,,,,,,,,,,,
Q7L576,,,,,,,,3,,2,2,,2,,,,,2,,2,,,,,2,,,,,,,4,,
Q96F07,,,,,,,,3,,2,2,,2,,,,,2,,2,,,,,2,,,,,,,4,,
P22897,,,,,,,,2,,,,,,,,,,,,,,,,,3,,,,,,,,,
Q04637,,,,,,,,2,,,,,,3,,,,,,3,,2,,,4,,,,,,,,,
Q9C093,,,,,,,,2,,,,,,,,,,,,,,,,,,,2,,,,,,2,
Q12830,,,,,,,,2,,,,,,,,,,,,,,,,,,,,,,,,,,
P37840,,,,,,,,,2,,,,,,,,,,,,2,,,,,,,,3,,2,3,,
P0C0S5,,,,,,,,,3,,,2,,,,3,,2,,,2,,,,,,,,,,,,,
O14818,,,,,,,,,2,4,,,,,2,2,,,,,,,,2,,,2,,2,,2,,,
O43765,,,,,,,,,2,,,,,,,,,,,,,,,,,,,,,,,,,
Q9UBQ0,,,,,,,,,2,,,,,,,,,,,,,,,,,3,,,,,,,,
Q6DD88,,,,,,,,,2,4,,,,,,,,,,,,,,,,3,,2,,,,,,
P25325,,,,,,,,,3,,,2,,5,2,5,,,,,,,,,,,,2,,,,,,
O60825,,,,,,,,,3,,,2,,,,,,,,,3,,,,,,,,2,,,,,
Q7L1Q6,,,,,,,,,2,,,,,,,,2,,,,,,,,,,,,,,,,,
P20591,,,,,,,,,2,,,,,,,,,,,,,,,,,,,,,,,,,
Q9UQ16,,,,,,,,,2,,,,,,,,,,,,,,,,,,,,,2,,,,
Q05193,,,,,,,,,2,,,,,,,,,,,2,,,,,,,,,,,,,,
Q96RQ3,,,,,,,,,3,,,,,,,,,,,,,,,2,,,,,,,,,,2
P55060,,,,,,,,,2,,,,,,,,,,,,,2,,,2,,,,,,,,2,
Q9C0C9,,,,,,,,,2,,,,,,,,,,,,,,,,,,,,,,,,,
P11277,,,,,,,,,2,2,3,,2,,2,,,3,,,,2,,3,2,,3,,5,,,,3,
Q07157,,,,,,,,,2,,2,,,,,,,,,,2,,,,2,,,,,,,,,
Q9H254,,,,,,,,,2,,,,,2,,,,,,,,,,,,,,,,,,,,
Q6KC79,,,,,,,,,2,,,3,,,3,2,,,,,4,,,,,,3,3,,,,,,
Q99584,,,,,,,,,,2,,,,,,,,,,,,,,,,,,,,,,,,
P63173,,,,,,,,,,4,,,,,,,,3,,,,2,,2,3,,2,,,,,3,2,
P61626,,,,,,,,,,3,,,,,,,,,,,,,,,,,,,,,,,,
P22392,,,,,,,,,,2,,,,4,,,,,,,,,,,4,,,,,4,2,2,2,
P20340,,,,,,,,,,2,,,,,,,,,,,,,,,,,,,,,,,,
Q7L9L4,,,,,,,,,,2,,,,,,,,,,,,,,,,,2,,,,,,,
Q9H8S9,,,,,,,,,,2,,,,,,,,,,,,,,,,,2,,,,,,,
P58546,,,,,,,,,,2,,,,,,,,,,,2,2,,2,,2,,,,,,,,
Q96H20,,,,,,,,,,3,,,,,2,,,,,,,,,,,,,,,,,,,
Q9Y3B3,,,,,,,,,,2,,,,,,,,,,,,,,,,,,,,,,2,,
P31942,,,,,,,,,,2,,,,,,,,,,,,,,,,,,,,,,,,
P04632,,,,,,,,,,3,,,,,,,,,,,,4,,,,,,,,,,,,
O15173,,,,,,,,,,2,,,,,,,,,,,,,,,,,,,,,,,,
Q9NZ01,,,,,,,,,,2,2,,,,,,,,,,,,,,,,2,,,,,,,
Q5TEU4,,,,,,,,,,2,,,,,,,,,,,,2,,,,,2,,,,2,,,
O60664,,,,,,,,,,2,,,,,,,,,,,2,,,,,,2,,2,,,,,
Q4G0F5,,,,,,,,,,2,,,,,,,,,,,,,,,,,,,,,,,,
Q9NUU7,,,,,,,,,,3,3,,,,2,,,,,,2,2,,,,,,,,,3,,,
Q9UMR2,,,,,,,,,,3,3,,,,2,,,,,,,2,,,,,,,,,,,,
P24158,,,,,,,,,,3,,,,,,,,,3,,,,,,,,,2,4,,,,,
Q13618,,,,,,,,,,3,2,2,,,,,,,,,,3,,,,,,,,,,2,,
Q15172,,,,,,,,,,2,2,,,,,,,,,,,,,,,,,,,,,,,
P06865,,,,,,,,,,2,,,,,,,,,,,,,,,,,,,,,,,,
Q08752,,,,,,,,,,2,2,,,,,,,,,,,2,,,,,,,,,,,,
P07686,,,,,,,,,,2,,,,,,,,,,,,3,,,,,,,,,,,,
Q9BZZ5,,,,,,,,,,2,,,,,,,,,,,,,,,,,,,,,,,,
Q9NVH1,,,,,,,,,,2,,,,,,,,,,,,,,,,,,,,,,,,
P20700,,,,,,,,,,2,,,,,,,,,,,,2,,,,,,,,,,,,
P50895,,,,,,,,,,2,,,,,,,,,,,,,,,,,,,,,,,,
Q96G03,,,,,,,,,,2,,,,,,,,,,,,,,,,,,,,,,,,
P07948,,,,,,,,,,2,,,,,,,,,,,,,,,,,,,,,,,,
P08631,,,,,,,,,,2,,,,,,,,,,,,,,,,,,,,,,,,
P02788,,,,,,,,,,3,,,,,,,,,,,,,,,,,,,3,,,,,
P46199,,,,,,,,,,2,4,,,,,,,3,,,,,,2,2,,2,,,,,2,3,
Q9NRK6,,,,,,,,,,3,,,,,,,,,,,,,,,,,,,,,,,,
Q16798,,,,,,,,,,2,,,,,,,,,,,,,,,,,,,,2,,,,
P09874,,,,,,,,,,2,,,,,,,,,,,,,,,,,,,,,,,,
Q13424,,,,,,,,,,2,,3,,3,2,,,,,,,,,,2,,,,,,,2,,
P35606,,,,,,,,,,2,,2,,,,,,,,2,,,,,,,,,,,3,,,
Q63ZY3,,,,,,,,,,2,2,2,,,,,,,,,,2,,,3,,,,2,2,,2,,
P06737,,,,,,,,,,2,,,,9,,,,,,,,,,,,6,,7,5,,,4,,
O94874,,,,,,,,,,2,,,,2,,,,,,,,,,,,,,,2,,,3,,
P49257,,,,,,,,,,3,,,,,,,,,,,,,,4,,,,,,,,,,
P47897,,,,,,,,,,2,,3,,3,,,,,,2,,,,,3,,,,,,,,2,
Q9UMX0,,,,,,,,,,2,,,,,,,,,,,,3,,,,,2,,,,,2,2,
Q9NZ08,,,,,,,,,,2,,,,,2,,,,,,,,,,,,,,,,,2,,
P53992,,,,,,,,,,2,,,,,,,,,,,,,,,,,,,,,,,,
O15061,,,,,,,,,,2,,,2,,,,,,,,,,,2,,2,,,2,,,,,
Q14152,,,,,,,,,,2,3,,2,2,,,,,,2,2,,,,5,,,2,,,,2,,
P55268,,,,,,,,,,2,2,,4,3,,,,2,,,2,,,2,3,,2,,,,,,,
Q7Z6Z7,,,,,,,,,,3,4,3,2,,,,,2,,2,,,,,2,,3,,,,,,,
Q8NF91,,,,,,,,,,2,,,,,,,,,2,,,,,,,,,,,,,,,
P02655,,,,,,,,,,,2,,,,,,,,,,,,,,,,,,,,,,,
P62249,,,,,,,,,,,3,,,,2,,3,2,2,,2,,,,,,,2,,,2,,2,
Q6IAA8,,,,,,,,,,,3,,,,,,,,,,3,,,,,,,,,,,,,
P62906,,,,,,,,,,,2,,,,,,,,,,,,,,,,,,,,,,,
Q9HAV7,,,,,,,,,,,2,,,,,2,3,,2,,3,,,,,,,,,,,,,
Q9H0U4,,,,,,,,,,,2,,,,,,,,,,,,,,,,,,,,,,,
P25686,,,,,,,,,,,4,,,,,,,,,,,,,,,,,,,,,,,
Q9BV20,,,,,,,,,,,2,,,,,,,,,,,,,2,,,,,,,,,,
Q9HAV0,,,,,,,,,,,2,,,,,,,,,,,,,,3,,,,,,,,,
Q13642,,,,,,,,,,,9,,,,,4,,,7,,,,,,,,,,,,,,,
Q15555,,,,,,,,,,,2,,,,,,,,,,,,,,,,,,,,,,,
Q9BXW7,,,,,,,,,,,2,,,,,,,,,,,,,,,,,,2,,,,,
O15327,,,,,,,,,,,3,,,,,,,,,,,,,,,,,,,,,,,
P23142,,,,,,,,,,,2,,,,,,,,,,,2,,,,,,,,,,2,,
Q5T5X7,,,,,,,,,,,2,,,,,,,,,,,,,,2,,,,,,,,,
Q9BR39,,,,,,,,,,,2,,,,,,,,,,2,,,,,,,,,,,,,
Q86VP6,,,,,,,,,,,2,2,2,2,,,4,,2,4,2,2,,2,,2,2,,3,2,,2,2,
Q01804,,,,,,,,,,,2,,,,,,,,,,,,,,,,,,,,,,,
P26640,,,,,,,,,,,2,,,,,,,,,,,,,,,,,,,,,,,
Q9BQI6,,,,,,,,,,,2,,,,,,,,,,,,,,,,,,,,,,,
Q9Y263,,,,,,,,,,,2,,,,,,,2,,2,,,,4,2,,,,,,,,2,
Q9H1H9,,,,,,,,,,,2,2,,,,,,,,,,,,,,,,,,,,,,
Q93008,,,,,,,,,,,2,,,,,,,2,,2,,,,,2,,,,,,,2,,2
Q4VC31,,,,,,,,,,,,2,,,,,,,,,,,,,,,,,,,,,,
P36404,,,,,,,,,,,,2,,,,,,,,,,,2,,,2,,,,2,,,,
Q9UL46,,,,,,,,,,,,2,,,2,2,4,,,,,,,,2,,,3,,,,,,
P61758,,,,,,,,,,,,2,,,,,,,,,,,,,,,,,,2,,,,
Q9NZL9,,,,,,,,,,,,2,,,,,,2,,,,,,,,,,,,,,,,
Q96QR8,,,,,,,,,,,,2,,,,,,,,,,,,,,,,,,,,,,
Q9HAB8,,,,,,,,,,,,2,,,,,2,,,,2,,,,,,,,,,,,,
Q00577,,,,,,,,,,,,2,,,,,,,,,,,,,,,,,,,,,,
Q9NTK5,,,,,,,,,,,,2,,,,,,,,,,,,,,,,,,,,,,
Q9UKG1,,,,,,,,,,,,4,,,,,,,,,,,,,,,,,,,,,,
P00352,,,,,,,,,,,,2,,,,,2,,,,,,,,,5,,3,3,,,,,
Q09028,,,,,,,,,,,,2,,,,2,2,,2,2,,,,,,,,,,,,,,
Q9UKX2,,,,,,,,,,,,8,,,,,,,10,,,,,,,,,,,,,,,8
Q9UHG3,,,,,,,,,,,,2,,,,,,,2,,2,,,,,,,,,,,,,5
O95573,,,,,,,,,,,,2,,,,,,,,,,,,,,,,,,,,,,
Q96AQ6,,,,,,,,,,,,2,,,,,,,,,,,,,,,,,,,,,,
Q9P0J1,,,,,,,,,,,,2,,,,,,,,,,,,,,,,,,,,,,
Q8IYB8,,,,,,,,,,,,2,,,,,,,,,,,,,,,,,,,,,,
Q9UDR5,,,,,,,,,,,,2,,2,,,,,,,,,,,,,,,,,,,,
Q5TZA2,,,,,,,,,,,,2,,,,,,,,,,,,,,,,,,,,,,
P57071,,,,,,,,,,,,3,,,,,,,,,,,,,,,,,,,,,,
Q8WYB5,,,,,,,,,,,,3,,,,,,,,,,,,,3,,,,,,,,,
Q9Y520,,,,,,,,,,,,2,,,,,,,,,,,,,,,,,,,,,,
P46783,,,,,,,,,,,,,3,,,,,,3,,,,,,,,,,,,,,,
Q07955,,,,,,,,,,,,,2,,,,,,2,,,,,,,,2,,2,,,2,2,
Q9Y2S7,,,,,,,,,,,,,2,,,,,,,,,,,,,,,,,,,,,
Q9UPY8,,,,,,,,,,,,,2,,3,,,,,,,,,,,,,,,,3,,,
Q9Y2I8,,,,,,,,,,,,,2,,2,,2,,,,,,2,,,,,,,,,,2,
Q14254,,,,,,,,,,,,,2,,,,,3,,,,,,,,,,,,,2,,,
Q08379,,,,,,,,,,,,,2,,,,2,,,,,,,,,,,,,,,,,
Q8TCJ2,,,,,,,,,,,,,2,,,,,,,,,,,,,,,,,,2,,,
Q06124,,,,,,,,,,,,,2,,,,,,,,,,,,,,,,,,,,,
O75155,,,,,,,,,,,,,2,2,,,,,,2,,,,,,,,,,,,4,,
P11047,,,,,,,,,,,,,3,4,,,,,,,,,,,2,,,,,,,,,
Q92614,,,,,,,,,,,,,4,,,,,,,,,,,,,,,,,,,,,
Q6IPR1,,,,,,,,,,,,,,2,,,,,,,,,,,,,,,,,,,,
Q9Y5M8,,,,,,,,,,,,,,2,,,,,,,,,,,,,,,,,,,,
Q99685,,,,,,,,,,,,,,3,,,,,,,,,,,,,,2,,,,,,
Q15599,,,,,,,,,,,,,,2,,,,,,,,,,,,,,2,,,,,,2
Q53FA7,,,,,,,,,,,,,,2,,2,,,,,,,,,,,,,,,,,,
Q9UNH7,,,,,,,,,,,,,,2,,,2,,,2,2,,,,,,,,,3,,,,
Q86VN1,,,,,,,,,,,,,,2,,,,,,,,,,,,,,,,,,,,
O00571,,,,,,,,,,,,,,2,,,,,,,,,,2,3,,,,,,,2,,
Q8NI60,,,,,,,,,,,,,,2,,,,,,2,5,,,,,,,,,,,,,
P43243,,,,,,,,,,,,,,2,,,,,,,,,,,,,,,,,,,,
Q86VM9,,,,,,,,,,,,,,2,,,,,,,,,,,,,,,,,,,,
P07942,,,,,,,,,,,,,,5,,,,,,,,,,,,,,,,,,,,
P14543,,,,,,,,,,,,,,3,,,,,,,,,,,,,,,,,,,,
O43432,,,,,,,,,,,,,,2,,,,,,,,,,,,,,,,,,,,
Q66K74,,,,,,,,,,,,,,2,,,,,,,,,,,,,,,,,,,,
A3KMH1,,,,,,,,,,,,,,2,,,,,,,,,,,2,,,,,,,,,
Q5CZC0,,,,,,,,,,,,,,2,,,,,,,,,,,,,,,,,,,,
P20338,,,,,,,,,,,,,,,2,,,,,,,,,,,,,,,,,,,
Q13310,,,,,,,,,,,,,,,2,,,,2,,,,,,2,2,,4,,,2,,2,
Q9ULT0,,,,,,,,,,,,,,,2,,,,,,,,,,,,,,,,,,,
P45974,,,,,,,,,,,,,,,2,,,,,,,,,,,,,2,,,,,,
P53814,,,,,,,,,,,,,,,2,,,,,,,,,3,,,,,,,,,,
Q9HD34,,,,,,,,,,,,,,,,2,,,,,,,,,,2,,4,,,,,,
O15212,,,,,,,,,,,,,,,,2,,2,,,,,,2,,,,,,,,,,
P23528,,,,,,,,,,,,,,,,3,,,,,,,,,,,,,,,,,,
Q9NZJ9,,,,,,,,,,,,,,,,2,,,,2,,,,,,,,,,,,,,
Q9GZT3,,,,,,,,,,,,,,,,2,,,,,,,,,,,,,,,,,,
P09497,,,,,,,,,,,,,,,,2,,2,,,,,,,,2,,,,,,,2,
P54619,,,,,,,,,,,,,,,,2,,,,,,,,,,,,,,,,,,
Q9NX40,,,,,,,,,,,,,,,,2,,,,,,,,,,2,,,,,,,,
Q02790,,,,,,,,,,,,,,,,2,,,,,,,,,,,,,,,,,,
Q8N465,,,,,,,,,,,,,,,,2,,,,,2,,,,,,,,,2,,,,
P07197,,,,,,,,,,,,,,,,3,,,,,,,,,,,,,,,,,,
Q13415,,,,,,,,,,,,,,,,2,,,,,,,,,,,,,,,,,,
Q14126,,,,,,,,,,,,,,,,3,2,4,2,2,,,,,4,,,,,,,3,,
Q15714,,,,,,,,,,,,,,,,2,,,,,,,,,,,,2,,,,,,
Q9Y3R5,,,,,,,,,,,,,,,,2,,,,,,,,,,,,,,,,,,
Q8TCU4,,,,,,,,,,,,,,,,2,,,,,,,,,,,,,,,,,,
P84157,,,,,,,,,,,,,,,,,3,,,,,,,,,,,,,,,,,
O14828,,,,,,,,,,,,,,,,,3,,,2,,,,,,,,,,,,,,3
Q9BT25,,,,,,,,,,,,,,,,,2,,,,,,,,,,,,,,,,,
Q01850,,,,,,,,,,,,,,,,,2,,,,,,,,,,,,,,,,,
Q969Z3,,,,,,,,,,,,,,,,,2,,,,,,2,,,,,,,,,,,
P35611,,,,,,,,,,,,,,,,,2,,,,,,,,,,,,,,,,,
Q96JP9,,,,,,,,,,,,,,,,,2,,,,,,,,,,,,,,,,,
P09917,,,,,,,,,,,,,,,,,2,,,,,,,,,,,,,,,,,
O00139,,,,,,,,,,,,,,,,,3,,,,,,,,,,,,,,,,,
P52732,,,,,,,,,,,,,,,,,2,,,,,,,,,,,,,,,,,
Q8NEV4,,,,,,,,,,,,,,,,,2,,,,,,,,,,,,,,,,,
P01031,,,,,,,,,,,,,,,,,2,,,,,,,,,,,,,,,,,
Q15459,,,,,,,,,,,,,,,,,2,,,,,,,,,,,,,,,,,
O60293,,,,,,,,,,,,,,,,,2,,,,,,,,,,,,,,,,,
O14735,,,,,,,,,,,,,,,,,,2,,,,2,,,,,,,2,,,,,
Q9Y676,,,,,,,,,,,,,,,,,,3,3,,,,,,,,2,,,,,3,,
Q9HCJ6,,,,,,,,,,,,,,,,,,2,,,,,,4,2,,,,,,,3,2,
P21810,,,,,,,,,,,,,,,,,,4,,,,,,,2,,,3,5,,3,,,
Q5SSJ5,,,,,,,,,,,,,,,,,,2,,,,,,,,,,,,,,3,,
Q13616,,,,,,,,,,,,,,,,,,2,,,,,,,2,,,,,,,,,
Q8IZ83,,,,,,,,,,,,,,,,,,2,,,,,,,3,,,,,,,,,
P78344,,,,,,,,,,,,,,,,,,2,,,,,,,,,,,,,,,2,
Q5T5U3,,,,,,,,,,,,,,,,,,2,,,,,,,,,,,,,,,,
Q14966,,,,,,,,,,,,,,,,,,2,,,,,,,,,,,,,,,,
O60437,,,,,,,,,,,,,,,,,,2,,,,,,,,,,,,,,,,
Q8N3K9,,,,,,,,,,,,,,,,,,2,,,,,,,,,,,,,,,,
Q9BXT5,,,,,,,,,,,,,,,,,,2,,,,,,,,,,,,,,,,
P05976,,,,,,,,,,,,,,,,,,,3,,,,,,,,,,,,,,,
Q14165,,,,,,,,,,,,,,,,,,,4,,,,,,,,,,,,,,,
Q96D15,,,,,,,,,,,,,,,,,,,2,,,,,,,,,,,,,,,
P05090,,,,,,,,,,,,,,,,,,,2,,,,,,,,,,,,,,,
Q9Y6C9,,,,,,,,,,,,,,,,,,,2,,,2,,,,,,,,,2,,,
P25685,,,,,,,,,,,,,,,,,,,2,3,,,,,,,,,,,,,,
P14317,,,,,,,,,,,,,,,,,,,2,,,,,,,,,,,,,,,
O95870,,,,,,,,,,,,,,,,,,,2,2,,,,,,,,,,,,,,
Q8NBQ7,,,,,,,,,,,,,,,,,,,3,2,,,,,,,,,,,,,,
P00488,,,,,,,,,,,,,,,,,,,2,3,,,,,,2,,,,,,,,
Q08378,,,,,,,,,,,,,,,,,,,2,,,,,,,,,,,,,,,
P07996,,,,,,,,,,,,,,,,,,,3,,,,2,,,,,5,3,,,,,
P10243,,,,,,,,,,,,,,,,,,,2,,,,,,,,,,,,,,,
Q5JSZ5,,,,,,,,,,,,,,,,,,,2,,,,,,,,,,,,,,,
P02751,,,,,,,,,,,,,,,,,,,3,,2,,,,5,,,,,,,,,
Q6ZRS2,,,,,,,,,,,,,,,,,,,2,,,,,,,,,,,,,,,
L0R6Q1,,,,,,,,,,,,,,,,,,,,3,,,,,,,,,2,,,,,
P62753,,,,,,,,,,,,,,,,,,,,2,,,,,,,,2,,,,,,
Q3SXM5,,,,,,,,,,,,,,,,,,,,3,,,,,,,,,,,,,,
O43293,,,,,,,,,,,,,,,,,,,,2,,,,,,,,,,,,,,
Q6PCB7,,,,,,,,,,,,,,,,,,,,2,,,,,,,,,,,,,,
Q96RP9,,,,,,,,,,,,,,,,,,,,2,2,,,,,,,2,,,,,,
Q8IWA4,,,,,,,,,,,,,,,,,,,,2,,,,,,,,,,,,,,
Q9H2M9,,,,,,,,,,,,,,,,,,,,2,,,,,,,,,,,,,,
Q502W6,,,,,,,,,,,,,,,,,,,,2,,,,,,,,,,,,,,
Q14980,,,,,,,,,,,,,,,,,,,,2,,,,,,,,,,,,,,
Q8IUG5,,,,,,,,,,,,,,,,,,,,3,,,,,,,,,,3,,,,
Q8NFC6,,,,,,,,,,,,,,,,,,,,2,,,,,,,,,,,,,,
Q96JB1,,,,,,,,,,,,,,,,,,,,2,,,,,,,,,,,,,,
P60842,,,,,,,,,,,,,,,,,,,,,7,3,,,,6,,7,,,,,,
O43504,,,,,,,,,,,,,,,,,,,,,3,,,,,,,,,,,,,
P20339,,,,,,,,,,,,,,,,,,,,,3,,,,,,,,,,,,,
P61020,,,,,,,,,,,,,,,,,,,,,3,,,,,,,,,,,,,
P51148,,,,,,,,,,,,,,,,,,,,,3,,,,,,,,,,,,,
P25311,,,,,,,,,,,,,,,,,,,,,4,,,,,,,,3,,,,,
Q96BQ5,,,,,,,,,,,,,,,,,,,,,2,,,,,,,,,,,,,
Q9Y3A5,,,,,,,,,,,,,,,,,,,,,2,,2,2,,,,,,2,,,,
O94760,,,,,,,,,,,,,,,,,,,,,3,,,,,,,,,,,,,
Q9BPW8,,,,,,,,,,,,,,,,,,,,,2,,2,,,,,,,,,,,
P18621,,,,,,,,,,,,,,,,,,,,,2,,,,,,,,,,,,,
Q9NZJ7,,,,,,,,,,,,,,,,,,,,,6,,,,,,,,,,,,,
O00505,,,,,,,,,,,,,,,,,,,,,2,,,,,,,,,,,,,
Q9HDC9,,,,,,,,,,,,,,,,,,,,,2,,,,,2,,,,,,,,
O43776,,,,,,,,,,,,,,,,,,,,,4,,,,,,2,,,,,,,
Q9Y3Z3,,,,,,,,,,,,,,,,,,,,,2,,,,,,,,,,,,,
Q9UEY8,,,,,,,,,,,,,,,,,,,,,2,,,,,,,,,,,,,
Q9Y2D5,,,,,,,,,,,,,,,,,,,,,3,,,,,2,,3,,,,,,
P17980,,,,,,,,,,,,,,,,,,,,,2,,,,,,,,,,,,,
Q92538,,,,,,,,,,,,,,,,,,,,,2,,,,,,,,,,,,,
Q0VDD8,,,,,,,,,,,,,,,,,,,,,2,,,,,,,,,,,,,
O14880,,,,,,,,,,,,,,,,,,,,,,7,,,,,,,,,,,,
P62140,,,,,,,,,,,,,,,,,,,,,,2,,,,,,,,,,,,
P53618,,,,,,,,,,,,,,,,,,,,,,2,,,2,,,,,,,,,
A0AUZ9,,,,,,,,,,,,,,,,,,,,,,2,,,,,,,,,,,,
Q9NUQ3,,,,,,,,,,,,,,,,,,,,,,3,,,,,,,,,,,,
P49327,,,,,,,,,,,,,,,,,,,,,,7,2,,,4,,2,3,,,,,
Q92729,,,,,,,,,,,,,,,,,,,,,,2,,,,,,,,,,,,
Q9Y6R1,,,,,,,,,,,,,,,,,,,,,,2,,,,,,,,,,,,
Q15746,,,,,,,,,,,,,,,,,,,,,,2,,,,,,,2,,,,,
Q8TDM6,,,,,,,,,,,,,,,,,,,,,,2,,,,,,,,,,,,
O75691,,,,,,,,,,,,,,,,,,,,,,2,,,,,,,,,,,,
Q9HBH5,,,,,,,,,,,,,,,,,,,,,,,3,,,,,,,2,,,,
Q9BQ69,,,,,,,,,,,,,,,,,,,,,,,2,,,,,,,,,,,
Q9UBC5,,,,,,,,,,,,,,,,,,,,,,,3,,,,,,,,,,,
Q3V6T2,,,,,,,,,,,,,,,,,,,,,,,2,,,,,,,,,,,
P05109,,,,,,,,,,,,,,,,,,,,,,,,3,,,,2,,,,,,
O75223,,,,,,,,,,,,,,,,,,,,,,,,2,,,,,,,,,,
Q15126,,,,,,,,,,,,,,,,,,,,,,,,2,,,,,,,,,,
P12882,,,,,,,,,,,,,,,,,,,,,,,,23,,,,,,,,,,
Q9Y608,,,,,,,,,,,,,,,,,,,,,,,,4,,,,,,,,,,
Q13586,,,,,,,,,,,,,,,,,,,,,,,,2,,,,,,,,,,
Q14005,,,,,,,,,,,,,,,,,,,,,,,,3,,,,,,,2,,3,2
Q96L96,,,,,,,,,,,,,,,,,,,,,,,,2,,,,,,,,,,
P51571,,,,,,,,,,,,,,,,,,,,,,,,,2,,,,,,,,,
Q9BRG1,,,,,,,,,,,,,,,,,,,,,,,,,2,,,,2,,,,,
Q86SX6,,,,,,,,,,,,,,,,,,,,,,,,,2,,,,,,,,,
P27361,,,,,,,,,,,,,,,,,,,,,,,,,4,,,,,,,,,
Q9BQA1,,,,,,,,,,,,,,,,,,,,,,,,,2,,,,,,,,,
Q9NVA1,,,,,,,,,,,,,,,,,,,,,,,,,2,,,,,,,,,
Q9Y3F4,,,,,,,,,,,,,,,,,,,,,,,,,3,,,2,,,,,,
Q9H2K0,,,,,,,,,,,,,,,,,,,,,,,,,2,,,,,,,,,
O60662,,,,,,,,,,,,,,,,,,,,,,,,,4,,,,,,,,,
Q9NZU5,,,,,,,,,,,,,,,,,,,,,,,,,2,,,,,,,,,
P26196,,,,,,,,,,,,,,,,,,,,,,,,,2,,,,,,,,,
P18031,,,,,,,,,,,,,,,,,,,,,,,,,3,,,,,,,,,
O43143,,,,,,,,,,,,,,,,,,,,,,,,,3,,2,,,,,,,
Q8NDH3,,,,,,,,,,,,,,,,,,,,,,,,,2,,,,,,,,,
Q9NPQ8,,,,,,,,,,,,,,,,,,,,,,,,,2,,,,,,,,,
Q16222,,,,,,,,,,,,,,,,,,,,,,,,,2,,,,,,,,,
P49354,,,,,,,,,,,,,,,,,,,,,,,,,2,,,,,,,,,
Q07960,,,,,,,,,,,,,,,,,,,,,,,,,3,,,,,2,,,,
P61221,,,,,,,,,,,,,,,,,,,,,,,,,2,,,,,,,,,
Q15642,,,,,,,,,,,,,,,,,,,,,,,,,2,,,,,,,,,
Q13409,,,,,,,,,,,,,,,,,,,,,,,,,2,,,,,,,,,
Q96A65,,,,,,,,,,,,,,,,,,,,,,,,,2,,,,,,,,,
P22102,,,,,,,,,,,,,,,,,,,,,,,,,2,,,,,,,,,
O00308,,,,,,,,,,,,,,,,,,,,,,,,,2,,,,,,,,,
Q9HAU0,,,,,,,,,,,,,,,,,,,,,,,,,2,,,,,,,,,
P30622,,,,,,,,,,,,,,,,,,,,,,,,,2,,,,,,,,,
O75339,,,,,,,,,,,,,,,,,,,,,,,,,2,,,,,,,,,
Q9UQ35,,,,,,,,,,,,,,,,,,,,,,,,,2,,,,,,,,,
Q8TD57,,,,,,,,,,,,,,,,,,,,,,,,,3,,,,,,,,,
A4UGR9,,,,,,,,,,,,,,,,,,,,,,,,,2,,,,,,,,,
Q9NR09,,,,,,,,,,,,,,,,,,,,,,,,,2,,,,,,,,,
O76070,,,,,,,,,,,,,,,,,,,,,,,,,,2,,,,,,,,
P61457,,,,,,,,,,,,,,,,,,,,,,,,,,3,,,,,,,,
P02747,,,,,,,,,,,,,,,,,,,,,,,,,,2,,,,,,,,
O43175,,,,,,,,,,,,,,,,,,,,,,,,,,3,,3,,,,,,
P09936,,,,,,,,,,,,,,,,,,,,,,,,,,2,,,3,,,,,
P01160,,,,,,,,,,,,,,,,,,,,,,,,,,5,,,,2,,,,
P49593,,,,,,,,,,,,,,,,,,,,,,,,,,2,,,,,,,,
P52209,,,,,,,,,,,,,,,,,,,,,,,,,,3,,,,,,,,
P15559,,,,,,,,,,,,,,,,,,,,,,,,,,2,,,,,,,,
Q15181,,,,,,,,,,,,,,,,,,,,,,,,,,2,,,,,,,,
Q9UBP4,,,,,,,,,,,,,,,,,,,,,,,,,,4,,,,,,,,
Q9UGJ0,,,,,,,,,,,,,,,,,,,,,,,,,,2,,,,,,,,
P50552,,,,,,,,,,,,,,,,,,,,,,,,,,2,,,,,,,,
Q53H12,,,,,,,,,,,,,,,,,,,,,,,,,,2,,,,,,3,,
P16930,,,,,,,,,,,,,,,,,,,,,,,,,,4,,,,,,,,
O60282,,,,,,,,,,,,,,,,,,,,,,,,,,2,,,,,,,,
Q12797,,,,,,,,,,,,,,,,,,,,,,,,,,2,,,,,,,,
P19021,,,,,,,,,,,,,,,,,,,,,,,,,,2,,,,,,,,
O14787,,,,,,,,,,,,,,,,,,,,,,,,,,2,,,,,,,,
Q5RHP9,,,,,,,,,,,,,,,,,,,,,,,,,,2,,,,,,,,
Q9NQ90,,,,,,,,,,,,,,,,,,,,,,,,,,2,,,,,,,,
P39059,,,,,,,,,,,,,,,,,,,,,,,,,,2,,,,,,,,
O15372,,,,,,,,,,,,,,,,,,,,,,,,,,,2,,,,,,,
Q96FV2,,,,,,,,,,,,,,,,,,,,,,,,,,,2,,,,,,,
Q68DE3,,,,,,,,,,,,,,,,,,,,,,,,,,,2,,,,,,,
Q9BU61,,,,,,,,,,,,,,,,,,,,,,,,,,,,3,,,,,,
P26583,,,,,,,,,,,,,,,,,,,,,,,,,,,,2,,,,,,
P00491,,,,,,,,,,,,,,,,,,,,,,,,,,,,2,,,,,,
Q13155,,,,,,,,,,,,,,,,,,,,,,,,,,,,2,,,,,,
P26022,,,,,,,,,,,,,,,,,,,,,,,,,,,,2,,,,,,
O00487,,,,,,,,,,,,,,,,,,,,,,,,,,,,2,,,,,,
Q99541,,,,,,,,,,,,,,,,,,,,,,,,,,,,3,,,,,,
P27169,,,,,,,,,,,,,,,,,,,,,,,,,,,,2,,,,2,,
P52888,,,,,,,,,,,,,,,,,,,,,,,,,,,,2,,,,,,
Q05469,,,,,,,,,,,,,,,,,,,,,,,,,,,,4,,,,,,
Q15393,,,,,,,,,,,,,,,,,,,,,,,,,,,,2,,,,,,
Q02224,,,,,,,,,,,,,,,,,,,,,,,,,,,,2,,,,,,
P21291,,,,,,,,,,,,,,,,,,,,,,,,,,,,,3,,,2,,
Q16527,,,,,,,,,,,,,,,,,,,,,,,,,,,,,2,,,3,,
Q15257,,,,,,,,,,,,,,,,,,,,,,,,,,,,,3,,,,,
P13667,,,,,,,,,,,,,,,,,,,,,,,,,,,,,3,,,,,
P08246,,,,,,,,,,,,,,,,,,,,,,,,,,,,,2,,,,,
P02730,,,,,,,,,,,,,,,,,,,,,,,,,,,,,2,,,,,
P46379,,,,,,,,,,,,,,,,,,,,,,,,,,,,,2,,,,,
P02549,,,,,,,,,,,,,,,,,,,,,,,,,,,,,3,,,,,
P51531,,,,,,,,,,,,,,,,,,,,,,,,,,,,,2,,,,,
P16157,,,,,,,,,,,,,,,,,,,,,,,,,,,,,2,,,,,
Q92552,,,,,,,,,,,,,,,,,,,,,,,,,,,,,,2,,,,
Q9BYT8,,,,,,,,,,,,,,,,,,,,,,,,,,,,,,2,,,,
P62244,,,,,,,,,,,,,,,,,,,,,,,,,,,,,,,2,,,
P08579,,,,,,,,,,,,,,,,,,,,,,,,,,,,,,,2,,,
P49585,,,,,,,,,,,,,,,,,,,,,,,,,,,,,,,2,,,
Q16775,,,,,,,,,,,,,,,,,,,,,,,,,,,,,,,2,,,
Q96EY7,,,,,,,,,,,,,,,,,,,,,,,,,,,,,,,2,,,
O95479,,,,,,,,,,,,,,,,,,,,,,,,,,,,,,,2,,,
Q9UQ90,,,,,,,,,,,,,,,,,,,,,,,,,,,,,,,2,,,
Q8WXI4,,,,,,,,,,,,,,,,,,,,,,,,,,,,,,,2,,,
P23677,,,,,,,,,,,,,,,,,,,,,,,,,,,,,,,4,,,
Q9UDY4,,,,,,,,,,,,,,,,,,,,,,,,,,,,,,,,2,,
P80303,,,,,,,,,,,,,,,,,,,,,,,,,,,,,,,,2,,
Q9BTV4,,,,,,,,,,,,,,,,,,,,,,,,,,,,,,,,2,,
Q15020,,,,,,,,,,,,,,,,,,,,,,,,,,,,,,,,2,,
O43896,,,,,,,,,,,,,,,,,,,,,,,,,,,,,,,,2,,
Q6ZP82,,,,,,,,,,,,,,,,,,,,,,,,,,,,,,,,2,,
Q15772,,,,,,,,,,,,,,,,,,,,,,,,,,,,,,,,2,,
Q8NI37,,,,,,,,,,,,,,,,,,,,,,,,,,,,,,,,,3,
Q9Y570,,,,,,,,,,,,,,,,,,,,,,,,,,,,,,,,,2,
O43324,,,,,,,,,,,,,,,,,,,,,,,,,,,,,,,,,,2
Q6P1N9,,,,,,,,,,,,,,,,,,,,,,,,,,,,,,,,,,2
O15143,,,,,,,,,,,,,,,,,,,,,,,,,,,,,,,,,,2
P32455,,,,,,,,,,,,,,,,,,,,,,,,,,,,,,,,,,2
P32456,,,,,,,,,,,,,,,,,,,,,,,,,,,,,,,,,,2
O94885,,,,,,,,,,,,,,,,,,,,,,,,,,,,,,,,,,2
O60333,,,,,,,,,,,,,,,,,,,,,,,,,,,,,,,,,,2
Q12756,,,,,,,,,,,,,,,,,,,,,,,,,,,,,,,,,,2
